IDX	최초 출현 연도	색인표제어	등재표제어	조어 유형	원어	어종	품사	전문분야	의미 영역	X년 Y월 신어
2020-0001	2020	각자도생주의	각자도생-주의		(各自圖生主義)	한+한	「명」			【2020년 5월 신어】
2020-0002	2020	감염병특별관리지역	감염병^특별^관리^지역		(感染病特別管理地域)	한^한^한^한		『보건 일반』		【2020년 2월 신어】
2020-0003	2020	거스름돈계좌적립서비스	거스름돈^계좌^적립^서비스		(거스름돈計座積立<영>service)	고^한^한^영		『경제』		【2019년 12월 신어】
2020-0004	2020	건식세차장	건식 세차장		(乾式洗車場)	한_한	「구」			【2020년 5월 신어】
2020-0005	2020	게이밍숍	게이밍 숍		(<영>gaming shop)	영_영	「구」			【2019년 8월 신어】
2020-0006	2020	격리생활시설	격리^생활^시설		(隔離生活施設)	한^한^한		『보건 일반』		【2020년 1월 신어】
2020-0007	2020	공감소비운동	공감 소비 운동		(共感消費運動)	한_한_한	「구」			【2020년 3월 신어】
2020-0008	2020	공공생활권	공공 생활권		(公共生活圈)	한_한	「구」			【2019년 10월 신어】
2020-0009	2020	공공선별진료소	공공^선별^진료소		(公共選別診療所)	한^한^한		『보건 일반』		【2020년 2월 신어】
2020-0010	2020	공공재정환수제도	공공^재정^환수^제도		(公共財政還收制度)	한^한^한^한		『행정』		【2019년 8월 신어】
2020-0011	2020	공기단백질	공기-단백질		(空氣蛋白質)	한+한	「명」			【2020년 3월 신어】
2020-0012	2020	공동주택사육허가제	공동^주택^사육^허가제		(共同住宅飼育許可制)	한^한^한^한		『행정』		【2020년 1월 신어】
2020-0013	2020	공유식기	공유 식기		(共有食器)	한_한	「구」			【2020년 1월 신어】
2020-0014	2020	공익기능증진직불금	공익^기능^증진^직불금		(公益機能增進直拂金)	한^한^한^한		『행정』		【2019년 12월 신어】
2020-0015	2020	공익기능증진직불제	공익^기능^증진^직불제		(公益機能增進直拂制)	한^한^한^한		『행정』		【2019년 9월 신어】
2020-0016	2020	공적마스크	공적^마스크		(公的<영>mask)	한^영		『행정』		【2020년 2월 신어】
2020-0017	2020	공적마스크제도	공적^마스크^제도		(公的<영>mask制度)	한^영^한		『행정』		【2020년 2월 신어】
2020-0018	2020	공적판매처	공적^판매처		(公的販賣處)	한^한		『행정』		【2020년 2월 신어】
2020-0019	2020	공정신호등	공정 신호등		(公正信號燈)	한_한	「구」			【2020년 3월 신어】
2020-0020	2020	관내득표	관내 득표		(管內得票)	한_한	「구」			【2020년 4월 신어】
2020-0021	2020	관외득표	관외 득표		(管外得票)	한_한	「구」			【2020년 4월 신어】
2020-0022	2020	교섭단체전권주의	교섭 단체 전권주의		(交涉團體專權主義)	한_한_한	「구」			【2019년 7월 신어】
2020-0023	2020	교양툰	교양-툰		(敎養<영>←cartoon)	한+영	「명」			【2019년 12월 신어】
2020-0024	2020	교육재난지원금	교육^재난^지원금		(敎育災難支援金)	한^한^한		『복지』		【2020년 4월 신어】
2020-0025	2020	국가기후비상사태	국가 기후 비상사태		(國家氣候非常事態)	한_한_한	「구」			【2020년 1월 신어】
2020-0026	2020	국가돌봄병원	국가^돌봄^병원		(國家돌봄病院)	한^고^한		『의학』		【2020년 1월 신어】
2020-0027	2020	국가연구개발혁신법	국가^연구^개발^혁신법		(國家硏究開發革新法)	한^한^한^한		『법률』		【2019년 9월 신어】
2020-0028	2020	국민내일배움카드	국민^내일^배움^카드		(國民來日배움<영>card)	한^한^고^영		『복지』		【2019년 10월 신어】
2020-0029	2020	국민안심마스크	국민^안심^마스크		(國民安心<영>mask)	한^한^영		『보건 일반』		【2020년 3월 신어】
2020-0030	2020	국제초청결혼	국제 초청 결혼		(國際招請結婚)	한_한_한	「구」			【2019년 8월 신어】
2020-0031	2020	국평오	국평오		(國平五)	한+한+한	「명」			【2019년 10월 신어】
2020-0032	2020	귀가안심보험	귀가 안심 보험		(歸家安心保險)	한_한_한	「구」			【2019년 8월 신어】
2020-0033	2020	그린스완	그린^스완		(<영>green swan)	영^영		『경제』		【2020년 1월 신어】
2020-0034	2020	그린스테이	그린 스테이		(<영>green stay)	영_영	「구」			【2019년 9월 신어】
2020-0035	2020	금스크	금스크		(金<영>←mask)	한+영	「명」			【2020년 1월 신어】
2020-0036	2020	금융안정특별대출제도	금융^안정^특별^대출^제도		(金融安定特別貸出制度)	한^한^한^한^한		『경제』		【2020년 4월 신어】
2020-0037	2020	금융투자소득세	금융^투자^소득세		(金融投資所得稅)	한^한^한		『경제』		【2020년 6월 신어】
2020-0038	2020	기간산업기금	기간산업^기금		(基幹産業基金)	한^한		『경제』		【2020년 4월 신어】
2020-0039	2020	기간산업안정기금	기간산업^안정^기금		(基幹産業安定基金)	한^한^한		『경제』		【2020년 4월 신어】
2020-0040	2020	기간산업안정자금	기간산업^안정^자금		(基幹産業安定資金)	한^한^한		『경제』		【2020년 4월 신어】
2020-0041	2020	기간산업지원금	기간산업^지원금		(基幹産業支援金)	한^한		『경제』		【2020년 4월 신어】
2020-0042	2020	기간안정산업기금	기간^안정^산업^기금		(基幹安定産業基金)	한^한^한^한		『경제』		【2020년 5월 신어】
2020-0043	2020	기본재난소득	기본^재난^소득		(基本災難所得)	한^한^한		『복지』		【2020년 3월 신어】
2020-0044	2020	기본재난지원금	기본^재난^지원금		(基本災難支援金)	한^한^한		『복지』		【2020년 3월 신어】
2020-0045	2020	기부금특별법	기부금^특별법		(寄附金特別法)	한^한		『법률』		【2020년 5월 신어】
2020-0046	2020	기안기금채권	기안^기금^채권		(基安基金債券)	한^한^한		『경제』		【2020년 5월 신어】
2020-0047	2020	기업구호긴급자금	기업^구호^긴급^자금		(企業救護緊急資金)	한^한^한^한		『경제』		【2020년 3월 신어】
2020-0048	2020	기후행동가	기후 행동가		(氣候行動家)	한_한	「구」			【2019년 8월 신어】
2020-0049	2020	긴급고용안정자금	긴급^고용^안정^자금		(緊急雇傭安定資金)	한^한^한^한		『복지』		【2020년 4월 신어】
2020-0050	2020	긴급고용안정지원금	긴급^고용^안정^지원금		(緊急雇傭安定支援金)	한^한^한^한		『복지』		【2020년 4월 신어】
2020-0051	2020	긴급고용유지지원금	긴급^고용^유지^지원금		(緊急雇傭維持支援金)	한^한^한^한		『복지』		【2020년 3월 신어】
2020-0052	2020	긴급고용지원금	긴급^고용^지원금		(緊急雇傭支援金)	한^한^한		『복지』		【2020년 4월 신어】
2020-0053	2020	긴급돌봄제도	긴급^돌봄^제도		(緊急돌봄制度)	한^고^한		『복지』		【2020년 2월 신어】
2020-0054	2020	긴급돌봄지원단	긴급^돌봄^지원단		(緊急돌봄支援團)	한^고^한		『복지』		【2020년 3월 신어】
2020-0055	2020	긴급돌봄학교	긴급^돌봄^학교		(緊急돌봄學校)	한^고^한		『복지』		【2020년 3월 신어】
2020-0056	2020	긴급민생지원금	긴급^민생^지원금		(緊急民生支援金)	한^한^한		『복지』		【2020년 3월 신어】
2020-0057	2020	긴급생계수당	긴급^생계^수당		(緊急生計手當)	한^한^한		『복지』		【2020년 3월 신어】
2020-0058	2020	긴급생존자금	긴급^생존^자금		(緊急生存資金)	한^한^한		『복지』		【2020년 3월 신어】
2020-0059	2020	긴급재난금	긴급^재난금		(緊急災難金)	한^한		『복지』		【2020년 3월 신어】
2020-0060	2020	긴급재난기본소득	긴급^재난^기본^소득		(緊急災難基本所得)	한^한^한^한		『복지』		【2020년 2월 신어】
2020-0061	2020	긴급재난기부금	긴급^재난^기부금		(緊急災難寄附金)	한^한^한		『복지』		【2020년 4월 신어】
2020-0062	2020	긴급재난생계비	긴급^재난^생계비		(緊急災難生計費)	한^한^한		『복지』		【2020년 3월 신어】
2020-0063	2020	긴급재난생계지원금	긴급^재난^생계^지원금		(緊急災難生計支援金)	한^한^한^한		『복지』		【2020년 3월 신어】
2020-0064	2020	긴급재난생계지원자금	긴급^재난^생계^지원^자금		(緊急災難生計支援資金)	한^한^한^한^한		『복지』		【2020년 3월 신어】
2020-0065	2020	긴급재난생활비	긴급^재난^생활비		(緊急災難生活費)	한^한^한		『복지』		【2020년 3월 신어】
2020-0066	2020	긴급재난생활지원금	긴급^재난^생활^지원금		(緊急災難生活支援金)	한^한^한^한		『복지』		【2020년 3월 신어】
2020-0067	2020	긴급재난소득	긴급^재난^소득		(緊急災難所得)	한^한^한		『복지』		【2020년 3월 신어】
2020-0068	2020	긴급재난수당	긴급^재난^수당		(緊急災難手當)	한^한^한		『복지』		【2020년 3월 신어】
2020-0069	2020	긴급재난지원소득	긴급^재난^지원^소득		(緊急災難支援所得)	한^한^한^한		『복지』		【2020년 3월 신어】
2020-0070	2020	긴급정서돌봄	긴급 정서 돌봄		(緊急情緖돌봄)	한_한_고	「구」			【2020년 5월 신어】
2020-0071	2020	긴급청년수당	긴급^청년^수당		(緊急靑年手當)	한^한^한		『복지』		【2020년 3월 신어】
2020-0072	2020	깜깜이감염	깜깜이 감염		(깜깜이感染)	고_한	「구」			【2020년 2월 신어】
2020-0073	2020	꾸밈노동파업	꾸밈 노동 파업		(꾸밈勞動罷業)	고_한_한	「구」			【2020년 2월 신어】
2020-0074	2020	꾸안꾸룩	꾸안꾸^룩		(꾸안꾸<영>look)	고^영		『복식』		【2019년 8월 신어】
2020-0075	2020	끼니노동	끼니 노동		(끼니勞動)	고_한	「구」			【2019년 9월 신어】
2020-0076	2020	낀낀세대	낀 낀 세대		(낀낀世代)	고_고_한	「구」			【2019년 8월 신어】
2020-0077	2020	내돈내산	내돈내산			고+고+고+고	「명」			【2019년 10월 신어】
2020-0078	2020	노마스크족	노 마스크족		(<영>no mask族)	영_(영+한)	「구」			【2020년 3월 신어】
2020-0079	2020	노튜버존	노튜버 존		(<영>▼no←Youtuber zone) 	영_영	「구」			【2019년 11월 신어】
2020-0080	2020	녹녹갈등	녹녹^갈등		(綠綠葛藤)	한^한		『환경』		【2019년 7월 신어】
2020-0081	2020	뉴트로국악	뉴트로 국악		(<영>▼←new retro國樂)	영_한	「구」			【2019년 11월 신어】
2020-0082	2020	단마토	단마토		(단<영>←tomato)	고+영	「명」			【2020년 1월 신어】
2020-0083	2020	달고나커피	달고나-커피		(달고나<영>coffee)	고+영	「명」			【2020년 3월 신어】
2020-0084	2020	댕댕이피자	댕댕이 피자		(댕댕이<이>pizza)	고_이	「구」			【2019년 9월 신어】
2020-0085	2020	덕분에챌린지	덕분에 챌린지		(德分에<영>challenge)	(한+고)_영	「구」			【2020년 4월 신어】
2020-0086	2020	도슨트북	도슨트^북		(<영>docent book)	영^영		『예체능 일반』		【2019년 9월 신어】
2020-0087	2020	돈쭐	돈쭐			고+고	「명」			【2019년 7월 신어】
2020-0088	2020	돌밥돌밥	돌밥돌밥			고+고+고+고	「명」			【2020년 3월 신어】
2020-0089	2020	동양인포비아	동양인 포비아		(東洋人<영>phobia)	한_영	「구」			【2020년 2월 신어】
2020-0090	2020	동학개미	동학 개미		(東學개미)	한_고	「구」			【2020년 3월 신어】
2020-0091	2020	동학개미운동	동학 개미 운동		(東學개미運動)	한_고_한	「구」			【2020년 3월 신어】
2020-0092	2020	뒷계정	뒷-계정		(뒷計定)	고+한	「명」			【2020년 1월 신어】
2020-0093	2020	드라이브스루선별진료소	드라이브스루^선별^진료소		(<영>drive-through選別診療所)	영^한^한		『보건 일반』		【2020년 2월 신어】
2020-0094	2020	등린이	등린이		(登린이)	한+고	「명」			【2020년 5월 신어】
2020-0095	2020	등원수업	등원 수업		(登園授業)	한_한	「구」			【2020년 4월 신어】
2020-0096	2020	딥페이크물	딥페이크-물		(<영>deepfake物)	영+한	「명」			【2020년 3월 신어】
2020-0097	2020	랜선놀이	랜선 놀이		(<영>LAN線놀이)	(영+한)_고	「구」			【2020년 3월 신어】
2020-0098	2020	랜선문화	랜선 문화		(<영>LAN線文化)	(영+한)_한	「구」			【2020년 3월 신어】
2020-0099	2020	랜선생파	랜선 생파		(<영>LAN線生<영>←party)	(영+한)_(한+영)	「구」			【2020년 3월 신어】
2020-0100	2020	랜선여행족	랜선 여행족		(<영>LAN線旅行族)	(영+한)_한	「구」			【2020년 5월 신어】
2020-0101	2020	랜선운동	랜선 운동		(<영>LAN線運動)	(영+한)_한	「구」			【2020년 3월 신어】
2020-0102	2020	랜선음악회	랜선 음악회		(<영>LAN線音樂會)	(영+한)_(한+한)	「구」			【2020년 2월 신어】
2020-0103	2020	랜선초대장	랜선 초대장		(<영>LAN線招待狀)	(영+한)_한	「구」			【2020년 4월 신어】
2020-0104	2020	랜선축하	랜선 축하		(<영>LAN線祝賀)	(영+한)_한	「구」			【2019년 12월 신어】
2020-0105	2020	랜선호캉스	랜선 호캉스		(<영>LAN線<영>←hotel<프>←vacance)	(영+한)_(영+프)	「구」			【2020년 4월 신어】
2020-0106	2020	마스크공적판매처	마스크^공적^판매처		(<영>mask公的販賣處)	영^한^한		『보건 일반』		【2020년 2월 신어】
2020-0107	2020	마스크메이크업	마스크 메이크업		(<영>▼mask makeup)	영_영	「구」			【2020년 2월 신어】
2020-0108	2020	마스크없무새	마스크 없무새		(<영>mask없鵡새)	영_(고+한+고)	「구」			【2020년 3월 신어】
2020-0109	2020	마스크오부제	마스크^오부제		(<영>mask五部制)	영^한		『보건 일반』		【2020년 3월 신어】
2020-0110	2020	마스크의무제	마스크^의무제		(<영>mask義務制)	영^한		『보건 일반』		【2020년 5월 신어】
2020-0111	2020	마스크프루프	마스크 프루프		(<영>▼mask proof)	영_영	「구」			【2020년 5월 신어】
2020-0112	2020	마스크화장법	마스크 화장법		(<영>mask化粧法)	영_한	「구」			【2020년 2월 신어】
2020-0113	2020	마코인	마코인		(<영>▼←mask Bitcoin)	영+영	「명」			【2020년 2월 신어】
2020-0114	2020	먹튜브	먹튜브		(먹←Youtube)	한+영	「명」			【2019년 8월 신어】
2020-0115	2020	멘탈데믹	멘탈데믹		(<영>▼metal←pandemic)	영+영	「명」			【2020년 5월 신어】
2020-0116	2020	몰수보호시설	몰수^보호^시설		(沒收保護施設)	한^한^한		『법률』		【2019년 8월 신어】
2020-0117	2020	무인적조관측시스템	무인^적조^관측^시스템		(無人赤潮觀測<영>system)	한^한^한^영		『환경』		【2020년 6월 신어】
2020-0118	2020	문고리드림	문고리 드림		(門고리드림)	(한+고)_고	「구」			【2020년 3월 신어】
2020-0119	2020	미세먼지계절관리제	미세^먼지^계절^관리제		(微細먼지季節管理制)	한^고^한^한		『법률』		【2019년 7월 신어】
2020-0120	2020	미세먼지떨이식수사	미세 먼지떨이식 수사		(微細먼지떨이式搜査)	한_(고+한)_한	「구」			【2019년 10월 신어】
2020-0121	2020	미세먼지점검단	미세 먼지 점검단		(微細먼지點檢團)	한_고_한	「구」			【2019년 11월 신어】
2020-0122	2020	배달거지	배달 거지		(配達거지)	한_고	「구」			【2019년 10월 신어】
2020-0123	2020	베어마겟돈	베어마겟돈		(<영>bearmageddon)	영	「명」	『경제』		【2020년 3월 신어】
2020-0124	2020	부머리무버	부머 리무버		(<영>boomer remover)	영_영	「구」			【2020년 3월 신어】
2020-0125	2020	분노방정식	분노 방정식		(憤怒方程式)	한_한	「구」			【2019년 12월 신어】
2020-0126	2020	불매유탄	불매 유탄		(不買流彈)	한_한	「구」			【2019년 8월 신어】
2020-0127	2020	블랙아웃화요일	블랙아웃 화요일		(<영>blackout火曜日)	영_한	「구」			【2020년 6월 신어】
2020-0128	2020	비대면강의	비대면 강의		(非對面講義)	한_한	「구」			【2020년 2월 신어】
2020-0129	2020	비대면시험	비대면 시험		(非對面試驗)	한_한	「구」			【2020년 4월 신어】
2020-0130	2020	비례신당	비례^신당		(比例新黨)	한^한		『정치』		【2019년 12월 신어】
2020-0131	2020	비례연합공천	비례^연합^공천		(比例聯合公薦)	한^한^한		『정치』		【2020년 3월 신어】
2020-0132	2020	비례연합당	비례^연합당		(比例聯合黨)	한^한		『정치』		【2020년 3월 신어】
2020-0133	2020	비례연합정당	비례^연합^정당		(比例聯合政黨)	한^한^한		『정치』		【2020년 3월 신어】
2020-0134	2020	비례위성당	비례^위성당		(比例衛星黨)	한^한		『정치』		【2019년 12월 신어】
2020-0135	2020	비례위성정당	비례^위성^정당		(比例衛星政黨)	한^한^한		『정치』		【2019년 9월 신어】
2020-0136	2020	비례자매정당	비례^자매^정당		(比例姊妹政黨)	한^한^한		『정치』		【2020년 1월 신어】
2020-0137	2020	비례전문정당	비례^전문^정당		(比例專門政黨)	한^한^한		『정치』		【2019년 12월 신어】
2020-0138	2020	비말마스크	비말^마스크		(飛沫<영>mask)	한^영		『보건 일반』		【2020년 5월 신어】
2020-0139	2020	비말차단	비말 차단		(飛沫遮斷)	한_한	「구」			【2020년 1월 신어】
2020-0140	2020	비말차단마스크	비말^차단^마스크		(飛沫遮斷<영>mask)	한^한^영		『보건 일반』		【2020년 2월 신어】
2020-0141	2020	비말차단용마스크	비말^차단용^마스크		(飛沫遮斷用<영>mask)	한^한^영		『보건 일반』		【2020년 5월 신어】
2020-0142	2020	비백색국가	비백색^국가		(非白色國家)	한^한		『경제』		【2019년 7월 신어】
2020-0143	2020	비화이트국	비-화이트국		(非<영>white國)	한+(영+한)	「명」	『경제』		【2019년 7월 신어】
2020-0144	2020	비화이트리스트	비화이트^리스트		(非<영>white list)	(한+영)^영 		『경제』		【2019년 7월 신어】
2020-0145	2020	뻥골프	뻥-골프		(뻥<영>golf)	고+영	「명」			【2020년 2월 신어】
2020-0146	2020	사골차	사골-차		(四骨車)	한+한	「명」			【2019년 8월 신어】
2020-0147	2020	사스코로나바이러스이	사스^코로나바이러스^이		(<영>SARS corona virus二)	영^영^한		『보건 일반』		【2020년 3월 신어】
2020-0148	2020	사이버술자리	사이버 술자리		(<영>cyber술자리)	영_고	「구」			【2020년 3월 신어】
2020-0149	2020	사전환자분류소	사전^환자^분류소		(事前患者分類所)	한^한^한		『보건 일반』		【2020년 3월 신어】
2020-0150	2020	사회진입활동비	사회^진입^활동비		(社會進入活動費)	한^한^한		『경제』		【2019년 7월 신어】
2020-0151	2020	산린이	산린이		(山린이)	한+고	「명」			【2020년 5월 신어】
2020-0152	2020	상거래신용등급	상거래^신용^등급		(商去來信用等級)	한^한^한		『경제』		【2020년 2월 신어】
2020-0153	2020	상상코로나	상상 코로나		(想像<영>←corona virus)	한_영	「구」			【2020년 2월 신어】
2020-0154	2020	상생특별보증	상생^특별^보증		(相生特別保證)	한^한^한		『경제』		【2020년 5월 신어】
2020-0155	2020	생활방역수칙	생활^방역^수칙		(生活防疫守則)	한^한^한		『보건 일반』		【2020년 3월 신어】
2020-0156	2020	생활방역시스템	생활^방역^시스템		(生活防疫<영>system)	한^한^영		『보건 일반』		【2020년 3월 신어】
2020-0157	2020	생활방역체계	생활^방역^체계		(生活防疫體系)	한^한^한		『보건 일반』		【2020년 3월 신어】
2020-0158	2020	생활방역체제	생활^방역^체제		(生活防疫體制)	한^한^한		『보건 일반』		【2020년 3월 신어】
2020-0159	2020	생활속거리두기	생활^속^거리^두기		(生活속距離두기)	한^고^한^고		『보건 일반』		【2020년 4월 신어】
2020-0160	2020	생활지원사	생활 지원사		(生活支援士)	한_한	「구」			【2019년 12월 신어】
2020-0161	2020	생활치료센터	생활^치료^센터		(生活治療<영>center)	한^한^영		『보건 일반』		【2020년 3월 신어】
2020-0162	2020	생활치료시설	생활^치료^시설		(生活治療施設)	한^한^한		『보건 일반』		【2020년 3월 신어】
2020-0163	2020	선별검사센터	선별^검사^센터		(選別檢査<영>center)	한^한^영		『보건 일반』		【2020년 2월 신어】
2020-0164	2020	선별문진표	선별^문진^표		(選別問診表)	한^한^한		『보건 일반』		【2020년 2월 신어】
2020-0165	2020	성범죄백서	성범죄^백서		(性犯罪白書)	한^한		『사회 일반』		【2020년 2월 신어】
2020-0166	2020	세계보건안전지수	세계^보건^안전^지수		(世界保健安全指數)	한^한^한^한		『보건 일반』		【2020년 1월 신어】
2020-0167	2020	세대균형지표	세대^균형^지표		(世代均衡指標)	한^한^한		『경제』		【2019년 12월 신어】
2020-0168	2020	세미브리더	세미-브리더		(<영>semi breeder)	영+영	「명」	『물리』		【2019년 8월 신어】
2020-0169	2020	소득감소진술서	소득 감소 진술서		(所得減少陳述書)	한_한_한	「구」			【2020년 4월 신어】
2020-0170	2020	소방직무제	소방^직무제		(消防職務制)	한^한		『행정』		【2019년 12월 신어】
2020-0171	2020	소부장산업	소부장^산업		(素部裝産業)	한^한		『경제』		【2019년 8월 신어】
2020-0172	2020	소부장특별법	소부장^특별법		(素部裝特別法)	한^한		『법률』		【2019년 8월 신어】
2020-0173	2020	소액테크	소액 테크		(少額<영>tech)	한_영	「구」			【2019년 8월 신어】
2020-0174	2020	소재부품장비산업특별법	소재ㆍ부품ㆍ장비^산업^특별법		(素材部品裝備産業特別法)	한^한^한		『법률』		【2019년 9월 신어】
2020-0175	2020	손실배수	손실^배수		(損失倍數)	한^한		『경제』		【2019년 8월 신어】
2020-0176	2020	쇄국방역	쇄국 방역		(鎖國防疫)	한_한	「구」			【2020년 6월 신어】
2020-0177	2020	수리감염역학	수리^감염^역학		(數理感染疫學)	한^한^한		『의학』		【2020년 3월 신어】
2020-0178	2020	수사심사관	수사^심사관		(搜査審査官)	한^한		『행정』		【2019년 7월 신어】
2020-0179	2020	수사심사관제	수사^심사관제		(搜査審査官制)	한^한		『행정』		【2019년 7월 신어】
2020-0180	2020	수소리포머	수소 리포머		(水素<영>reformer)	한_영	「구」			【2020년 3월 신어】
2020-0181	2020	수소사회형성법안	수소^사회^형성^법안		(水素社會形成法案)	한^한^한^한		『법률』		【2019년 8월 신어】
2020-0182	2020	수출심사우대국	수출^심사^우대국		(輸出審査優待國)	한^한^한		『경제』		【2019년 7월 신어】
2020-0183	2020	수출우대국	수출^우대국		(輸出優待國)	한^한		『경제』		【2019년 7월 신어】
2020-0184	2020	스테이앳홈챌린지	스테이 앳 홈 챌린지		(<영>stay at home challenge)	영_영_영_영	「구」			【2020년 3월 신어】
2020-0185	2020	스펙품앗이	스펙 품앗이		(<영>spec품앗이)	영_고	「구」			【2019년 8월 신어】
2020-0186	2020	승차진료소	승차^진료소		(乘車診療所)	한^한		『보건 일반』		【2020년 3월 신어】
2020-0187	2020	시니어상권	시니어 상권		(<영>senior商圈)	영_한	「구」			【2020년 6월 신어】
2020-0188	2020	시민애도장	시민 애도장		(市民哀悼葬)	한_한	「구」			【2019년 9월 신어】
2020-0189	2020	식빵세대	식빵 세대		(食빵世代)	(한+고)_한	「구」			【2020년 2월 신어】
2020-0190	2020	신속사용승인	신속 사용 승인		(迅速使用承認)	한_한_한	「구」			【2020년 3월 신어】
2020-0191	2020	신속전액보증	신속 전액 보증		(迅速全額保證)	한_한_한	「구」			【2020년 3월 신어】
2020-0192	2020	신속통로제	신속^통로제		(迅速通路制)	한^한		『행정』		【2020년 5월 신어】
2020-0193	2020	신종코로나감염증	신종^코로나^감염증		(新種<영>←corona virus感染症)	한^영^한		『보건 일반』		【2020년 1월 신어】
2020-0194	2020	신종코로나바이러스감염증	신종^코로나바이러스^감염증		(新種<영>corona virus感染症)	한^영^한		『보건 일반』		【2020년 1월 신어】
2020-0195	2020	신중국공포	신중국 공포		(新中國恐怖)	한_한	「구」			【2019년 12월 신어】
2020-0196	2020	실버역세권	실버 역세권		(<영>silver驛勢圈)	영_한	「구」			【2020년 1월 신어】
2020-0197	2020	실종아동주간	실종^아동^주간		(失踪兒童週間)	한^한^한		『사회 일반』		【2020년 3월 신어】
2020-0198	2020	실효이자비용	실효^이자^비용		(實效利子費用)	한^한^한		『경제』		【2020년 5월 신어】
2020-0199	2020	쌉에이블	쌉-에이블		(쌉<영>able)	고+영	「명」			【2020년 5월 신어】
2020-0200	2020	쌉파서블	쌉-파서블		(쌉<영>possible)	고+영	「명」			【2020년 4월 신어】
2020-0201	2020	아동돌봄쿠폰	아동^돌봄^쿠폰		(兒童돌봄<영>coupon)	한^고^영		『복지』		【2020년 3월 신어】
2020-0202	2020	아동양육쿠폰	아동^양육^쿠폰		(兒童養育<영>coupon)	한^한^영		『복지』		【2020년 3월 신어】
2020-0203	2020	아베노마스크	아베노마스크		(<일>Abeno mask)	일	「명」			【2020년 4월 신어】
2020-0204	2020	아이돌봄쿠폰	아이^돌봄^쿠폰		(아이돌봄<영>coupon)	고^고^영		『복지』		【2020년 3월 신어】
2020-0205	2020	아이돌봄포인트	아이^돌봄^포인트		(아이돌봄<영>point)	고^고^영		『복지』		【2020년 4월 신어】
2020-0206	2020	안방요금	안방 요금		(안房料金)	(고+한)_한	「구」			【2020년 5월 신어】
2020-0207	2020	안보삼각형	안보^삼각형		(安保三角形)	한^한		『정치』		【2019년 7월 신어】
2020-0208	2020	안심가림막	안심 가림막		(安心가림幕)	한_(고+한)	「구」			【2019년 12월 신어】
2020-0209	2020	안심면회	안심 면회		(安心面會)	한_한	「구」			【2020년 3월 신어】
2020-0210	2020	안심외래진료소	안심^외래^진료소		(安心外來診療所)	한^한^한		『보건 일반』		【2020년 2월 신어】
2020-0211	2020	애국테마주	애국 테마주		(愛國<독>thema株)	한_(독+한)	「구」			【2019년 7월 신어】
2020-0212	2020	애프터코로나	애프터 코로나		(<영>▼after←corona virus)	영_영	「구」			【2020년 3월 신어】
2020-0213	2020	약물치유법원	약물^치유^법원		(藥物治癒法院)	한^한^한		『법률』		【2019년 9월 신어】
2020-0214	2020	양압차	양압-차		(陽壓車)	한+한	「명」			【2019년 12월 신어】
2020-0215	2020	양압차량	양압 차량		(陽壓車輛)	한_한	「구」			【2019년 12월 신어】
2020-0216	2020	양육쿠폰	양육^쿠폰		(養育<영>coupon)	한^영		『복지』		【2020년 3월 신어】
2020-0217	2020	양자보안폰	양자 보안 폰		(量子保安<영>phone)	한_한_영	「구」			【2020년 5월 신어】
2020-0218	2020	어린이생명법안	어린이 생명 법안		(어린이生命法案)	고_한_한	「구」			【2019년 11월 신어】
2020-0219	2020	어선원보험법	어선원^보험법		(漁船員保險法)	한^한		『법률』		【2020년 4월 신어】
2020-0220	2020	어퍼웨어	어퍼웨어		(<영>upperwear)	영	「명」			【2020년 4월 신어】
2020-0221	2020	언컨택트	언-컨택트		(<영>▼uncontact)	영+영	「명」			【2020년 3월 신어】
2020-0222	2020	언택트경제	언택트 경제		(<영>▼un←contact經濟)	영_한	「구」			【2020년 3월 신어】
2020-0223	2020	언택트러닝	언택트 러닝		(<영>▼un←contact learning)	영_영	「구」			【2020년 6월 신어】
2020-0224	2020	언택트범죄	언택트 범죄		(<영>▼un←contact犯罪)	영_한	「구」			【2020년 4월 신어】
2020-0225	2020	언택트산업	언택트 산업		(<영>▼un←contact産業)	영_한	「구」			【2019년 10월 신어】
2020-0226	2020	언택트시네마	언택트 시네마		(<영>▼un←contact cinema)	영_영	「구」			【2020년 4월 신어】
2020-0227	2020	언택트영업	언택트 영업		(<영>▼un←contact營業)	영_한	「구」			【2020년 3월 신어】
2020-0228	2020	언택트존	언택트 존		(<영>▼un←contact zone)	영_영	「구」			【2020년 6월 신어】
2020-0229	2020	언택트주	언택트-주		(<영>▼un←contact株)	영+한	「명」			【2020년 3월 신어】
2020-0230	2020	에코프로파일링	에코 프로파일링		(<영>echo profiling)	영_영	「구」			【2019년 10월 신어】
2020-0231	2020	엔번방사건	엔 번 방 사건		(<영>n番房事件)	영_한_한_한	「구」			【2019년 11월 신어】
2020-0232	2020	여객자동차운송플랫폼	여객^자동차^운송^플랫폼		(旅客自動車運送<영>platform)	한^한^한^영		『정보ㆍ통신』		【2019년 10월 신어】
2020-0233	2020	연관검색어정화운동	연관 검색어 정화 운동		(聯關檢索語淨化運動)	한_한_한_한	「구」			【2019년 10월 신어】
2020-0234	2020	연락제한요청권	연락^제한^요청권		(連絡制限要請權)	한^한^한		『법률』		【2020년 2월 신어】
2020-0235	2020	연령서열주의	연령 서열주의		(年齡序列主義)	한_한	「구」			【2019년 7월 신어】
2020-0236	2020	오저치고	오저치고		(오저<영>←chicken go)	고+고+영+영	「명」			【2019년 10월 신어】
2020-0237	2020	오케팅	오케팅		(오<영>←ticketing)	고+영	「명」			【2020년 3월 신어】
2020-0238	2020	온라인개학	온라인 개학		(<영>on-line開學)	영_한	「구」			【2020년 3월 신어】
2020-0239	2020	온라인노인정	온라인 노인정		(<영>on-line老人亭)	영_한	「구」			【2019년 8월 신어】
2020-0240	2020	온라인뷰잉룸	온라인 뷰잉 룸		(<영>▼on-line viewing room)	영_영_영	「구」			【2020년 2월 신어】
2020-0241	2020	온라인실버타운	온라인 실버타운		(<영>▼on-line silver town)	영_영	「구」			【2019년 8월 신어】
2020-0242	2020	온라인탑골공원	온라인 탑골 공원		(<영>▼on-line塔골公園)	영_(한+고)_한	「구」			【2019년 8월 신어】
2020-0243	2020	온택트	온택트		(<영>▼on←contact)	영+영	「명」			【2020년 3월 신어】
2020-0244	2020	요린이	요린이		(料린이)	한+고	「명」			【2019년 9월 신어】
2020-0245	2020	우한코로나	우한 코로나		(Wuhan[武漢]<영>←corona virus)	중_영	「구」			【2020년 1월 신어】
2020-0246	2020	우한폐렴	우한 폐렴		(Wuhan[武漢]肺炎▽)	중_한	「구」			【2019년 12월 신어】
2020-0247	2020	워라밸일자리장려금	워라밸^일자리^장려금		(<영>←work-life balance일자리奬勵金)	영^고^한		『복지』		【2019년 7월 신어】
2020-0248	2020	워킹스루	워킹-스루		(<영>▼walking through)	영+영	「명」			【2020년 3월 신어】
2020-0249	2020	워킹스루진료소	워킹스루 진료소		(<영>▼walking through診療所)	영_한	「구」			【2020년 3월 신어】
2020-0250	2020	원격수업시대	원격 수업 시대		(遠隔授業時代)	한_한_한	「구」			【2020년 4월 신어】
2020-0251	2020	위기관리참모훈련	위기관리^참모^훈련		(危機管理參謀訓鍊)	한^한^한		『군사』		【2019년 7월 신어】
2020-0252	2020	위기극복수당	위기^극복^수당		(危機克服手當)	한^한^한		『복지』		【2020년 3월 신어】
2020-0253	2020	위기아동경보망	위기 아동 경보망		(危機兒童警報網)	한_한_한	「구」			【2020년 2월 신어】
2020-0254	2020	위드코로나	위드 코로나		(<영>▼with←corona virus)	영_영	「구」			【2020년 5월 신어】
2020-0255	2020	위성비례정당	위성^비례^정당		(衛星比例政黨)	한^한^한		『정치』		【2019년 12월 신어】
2020-0256	2020	위험유포지수	위험^유포^지수		(危險流布指數)	한^한^한		『경제』		【2019년 7월 신어】
2020-0257	2020	위험행상지수	위험^행상^지수		(危險行商指數)	한^한^한		『경제』		【2019년 7월 신어】
2020-0258	2020	유덜트	유덜트		(<영>▼←youthful adult)	영+영	「명」			【2019년 7월 신어】
2020-0259	2020	유튜버셀러	유튜버-셀러		(<영>▼Youtuber seller)	영+영	「명」			【2019년 7월 신어】
2020-0260	2020	으뜸효율가전	으뜸^효율^가전		(으뜸效率家電)	고^한^한		『전기·전자』		【2019년 8월 신어】
2020-0261	2020	음향집게	음향^집게		(音響집게)	한^고		『물리』		【2019년 11월 신어】
2020-0262	2020	의료수어통역사	의료 수어 통역사		(醫療手語通譯士)	한_한_한	「구」			【2019년 10월 신어】
2020-0263	2020	이동검체채취	이동 검체 채취		(移動檢體採取)	한_한_한	「구」			【2020년 2월 신어】
2020-0264	2020	이동선별진료	이동^선별^진료		(移動選別診療)	한^한^한		『의학』		【2020년 1월 신어】
2020-0265	2020	이동선별진료소	이동^선별^진료소		(移動選別診療所)	한^한^한		『보건 일반』		【2020년 1월 신어】
2020-0266	2020	이링기아	이링기아		(<영>←Yilingia spiciformis)	영	「명」	『동물』		【2019년 9월 신어】
2020-0267	2020	이생집망	이생집망		(이生집亡)	고+한+고+한	「명」			【2020년 6월 신어】
2020-0268	2020	이시국여행	이 시국 여행		(이時局旅行)	고_한_한	「구」			【2020년 2월 신어】
2020-0269	2020	이학습터	이^학습터		(<영>←electronic學習터)	영^(한+고)		『교육』		【2020년 3월 신어】
2020-0270	2020	인싸커피	인싸 커피		(<영>▼←insider coffee)	영_영	「구」			【2020년 3월 신어】
2020-0271	2020	일시귀국생	일시 귀국생		(一時歸國生)	한_한	「구」			【2019년 8월 신어】
2020-0272	2020	일탈계	일탈-계		(逸脫計)	한+한	「명」			【2019년 8월 신어】
2020-0273	2020	일탈계정	일탈 계정		(逸脫計定)	한_한	「구」			【2019년 8월 신어】
2020-0274	2020	임금직무정보시스템	임금^직무^정보^시스템		(賃金職務情報<영>system)	한^한^한^영		『행정』		【2019년 12월 신어】
2020-0275	2020	임시지방공휴일	임시 지방 공휴일		(臨時地方公休日)	한_한_한	「구」			【2020년 3월 신어】
2020-0276	2020	자가격리면제서	자가 격리 면제서		(自家隔離免除書)	한_한_한	「구」			【2020년 3월 신어】
2020-0277	2020	자가격리앱	자가 격리 앱		(自家隔離<영>app)	한_한_영	「구」			【2020년 2월 신어】
2020-0278	2020	자본심화지수	자본^심화^지수		(資本深化指數)	한^한^한		『경제』		【2019년 9월 신어】
2020-0279	2020	자유계약점포	자유 계약 점포		(自由契約店鋪)	한_한_한	「구」			【2020년 1월 신어】
2020-0280	2020	자율공급망	자율 공급망		(自律供給網)	한_한	「구」			【2019년 9월 신어】
2020-0281	2020	작아격리	작아 격리		(작아隔離)	고_한	「구」			【2020년 4월 신어】
2020-0282	2020	잔돈계좌적립서비스	잔돈^계좌^적립^서비스		(殘돈計座積立<영>service)	(한+고)^한^한^영		『경제』		【2019년 11월 신어】
2020-0283	2020	재난구조수당	재난^구조^수당		(災難救助手當)	한^한^한		『복지』		【2020년 3월 신어】
2020-0284	2020	재난극복수당	재난^극복^수당		(災難克服手當)	한^한^한		『복지』		【2020년 3월 신어】
2020-0285	2020	재난기본소득	재난^기본^소득		(災難基本所得)	한^한^한		『복지』		【2020년 2월 신어】
2020-0286	2020	재난기본소득제	재난^기본^소득제		(災難基本所得制)	한^한^한		『복지』		【2020년 3월 신어】
2020-0287	2020	재난긴급생활비	재난^긴급^생활비		(災難緊急生活費)	한^한^한		『복지』		【2020년 3월 신어】
2020-0288	2020	재난긴급생활지원금	재난^긴급^생활^지원금		(災難緊急生活支援金)	한^한^한^한		『복지』		【2020년 3월 신어】
2020-0289	2020	재난긴급소득지원제도	재난^긴급^소득^지원^제도		(災難緊急所得支援制度)	한^한^한^한^한		『복지』		【2020년 3월 신어】
2020-0290	2020	재난생계비	재난^생계비		(災難生計費)	한^한		『복지』		【2020년 3월 신어】
2020-0291	2020	재난생계소득	재난^생계^소득		(災難生計所得)	한^한^한		『복지』		【2020년 3월 신어】
2020-0292	2020	재난생계수당	재난^생계^수당		(災難生計手當)	한^한^한		『복지』		【2020년 3월 신어】
2020-0293	2020	재난생계지원금	재난^생계^지원금		(災難生計支援金)	한^한^한		『복지』		【2020년 3월 신어】
2020-0294	2020	재난생활비	재난^생활비		(災難生活費)	한^한		『복지』		【2020년 3월 신어】
2020-0295	2020	재난생활안정자금	재난^생활^안정^자금		(災難生活安定資金)	한^한^한^한		『복지』		【2020년 4월 신어】
2020-0296	2020	재난생활지원금	재난^생활^지원금		(災難生活支援金)	한^한^한		『복지』		【2020년 3월 신어】
2020-0297	2020	재난소득기금	재난^소득^기금		(災難所得基金)   	한^한^한		『복지』		【2020년 3월 신어】
2020-0298	2020	재난수당	재난^수당		(災難手當)    	한^한		『복지』		【2020년 3월 신어】
2020-0299	2020	재량간주시간근로제	재량^간주^시간^근로제		(裁量看做時間勤勞制)	한^한^한^한		『행정』		【2019년 8월 신어】
2020-0300	2020	재미슬쩍꾼	재미 슬쩍꾼			고_고	「구」			【2019년 10월 신어】
2020-0301	2020	재양성자	재양성-자		(再陽性者)	한+한	「명」	『보건 일반』		【2020년 3월 신어】
2020-0302	2020	전자보석제도	전자^보석^제도		(電子保釋制度)   	한^한^한		『법률』		【2020년 2월 신어】
2020-0303	2020	전자수행추적시스템	전자^수행^추적^시스템		(電子隨行追跡<영>system)	한^한^한^영		『체육』		【2020년 2월 신어】
2020-0304	2020	젊집사	젊집사			고+고+고	「명」			【2020년 2월 신어】
2020-0305	2020	정보감염증	정보 감염증		(情報感染症)	한_한	「구」			【2020년 2월 신어】
2020-0306	2020	종합지급결제사업	종합^지급^결제^사업		(綜合支給決濟事業)	한^한^한^한		『경제』		【2020년 2월 신어】
2020-0307	2020	종합지급결제사업자	종합^지급^결제^사업자		(綜合支給決濟事業者)	한^한^한^한		『경제』		【2020년 2월 신어】
2020-0308	2020	종합지급결제업	종합^지급^결제업		(綜合支給決濟業)	한^한^한		『경제』		【2020년 2월 신어】
2020-0309	2020	종합지급결제업자	종합^지급^결제업자		(綜合支給決濟業者)	한^한^한		『경제』		【2020년 2월 신어】
2020-0310	2020	좋반	좋-반			고+고	「명」			【2019년 9월 신어】
2020-0311	2020	줌폭탄	줌-폭탄		(Zoom폭탄)	영+고	「명」			【2020년 4월 신어】
2020-0312	2020	집중감염원	집중^감염원		(集中感染源)	한^한		『보건 일반』		【2020년 3월 신어】
2020-0313	2020	집중사냥지역	집중^사냥^지역		(集中사냥地域)	한^고^한		『수의』		【2019년 10월 신어】
2020-0314	2020	집콕시대	집콕 시대		(집콕時代)	(고+고)_한	「구」			【2020년 3월 신어】
2020-0315	2020	집콕요리	집콕 요리		(집콕料理)	(고+고)_한	「구」			【2020년 3월 신어】
2020-0316	2020	집콕운동	집콕 운동		(집콕運動)	(고+고)_한	「구」			【2020년 3월 신어】
2020-0317	2020	집터파크	집터 파크		(집<영>←water park)	(고+영)_영	「구」			【2019년 7월 신어】
2020-0318	2020	차령공제율	차령^공제율		(車齡控除率)	한^한		『행정』		【2019년 11월 신어】
2020-0319	2020	채식선택제	채식^선택제		(菜食選擇制)	한^한		『교육』		【2020년 6월 신어】
2020-0320	2020	책값반환제	책값^반환제		(冊값返還制)	(한+고)^한		『행정』		【2020년 5월 신어】
2020-0321	2020	청년긴급수당	청년^긴급^수당		(靑年緊急手當)	한^한^한		『복지』		【2020년 3월 신어】
2020-0322	2020	청무피사	청무피사		(請무<영>←premium사)	한+고+영+고	「명」			【2019년 12월 신어】
2020-0323	2020	청포족	청포-족		(請抛族)	(한+한)+한	「명」			【2019년 12월 신어】
2020-0324	2020	촌므파탈	촌므파탈		(村<프>←homme fatale)	한+프	「명」			【2019년 7월 신어】
2020-0325	2020	취합검사기법	취합^검사^기법		(聚合檢査技法)	한^한^한		『보건 일반』		【2020년 5월 신어】
2020-0326	2020	취합검사법	취합^검사법		(聚合檢査法)	한^한		『보건 일반』		【2020년 4월 신어】
2020-0327	2020	친환경집밥	친환경 집밥		(親環境집밥)	한_고	「구」			【2020년 5월 신어】
2020-0328	2020	카피방	카피-방		(<영>copy房)	영+한	「명」			【2019년 11월 신어】
2020-0329	2020	캠린이	캠린이		(<영>←camping린이)	영+고	「명」			【2019년 9월 신어】
2020-0330	2020	케이방역	케이 방역		(K防疫)	영_한	「구」			【2020년 2월 신어】
2020-0331	2020	케이진단키트	케이 진단 키트		(K診斷kit)	영_한_영	「구」			【2020년 4월 신어】
2020-0332	2020	코돌이	코돌이		(<영>←corona virus돌이)	영+고	「명」			【2020년 4월 신어】
2020-0333	2020	코로나공조	코로나 공조		(<영>←corona virus共助)	영_한	「구」			【2020년 2월 신어】
2020-0334	2020	코로나대출	코로나 대출		(<영>←corona virus貸出)	영_한	「구」			【2020년 3월 신어】
2020-0335	2020	코로나돌이	코로나-돌이		(<영>←corona virus돌이)	영+고	「명」			【2020년 3월 신어】
2020-0336	2020	코로나둥이	코로나-둥이		(<영>←corona virus둥이)	영+고	「명」			【2020년 3월 신어】
2020-0337	2020	코로나바이러스감염증일구	코로나바이러스^감염증^일구		(<영>←corona virus感染症一九)	영^한^한		『보건 일반』		【2020년 2월 신어】
2020-0338	2020	코로나베이비	코로나 베이비		(<영>←corona virus baby)	영_영	「구」			【2020년 3월 신어】
2020-0339	2020	코로나베이비붐	코로나 베이비 붐		(<영>←corona virus baby boom)	영_영_영	「구」			【2020년 3월 신어】
2020-0340	2020	코로나보릿고개	코로나 보릿고개		(<영>←corona virus 보릿고개)	영_고	「구」			【2020년 2월 신어】
2020-0341	2020	코로나블랙	코로나 블랙		(<영>←corona virus black)	영_영	「구」			【2020년 4월 신어】
2020-0342	2020	코로나블랙스완	코로나 블랙 스완		(<영>←corona virus black swan)	영_영_영	「구」			【2020년 3월 신어】
2020-0343	2020	코로나블랙홀	코로나 블랙홀		(<영>←corona virus black hole)	영_영_영	「구」			【2020년 2월 신어】
2020-0344	2020	코로나블루	코로나 블루		(<영>←corona virus blue)	영_영	「구」			【2020년 2월 신어】
2020-0345	2020	코로나비만	코로나 비만		(<영>←corona virus肥滿)	영_한	「구」			【2020년 3월 신어】
2020-0346	2020	코로나사피엔스	코로나 사피엔스		(<영>←corona virus sapiens)	영_영	「구」			【2020년 4월 신어】
2020-0347	2020	코로나세대	코로나 세대		(<영>←corona virus世代)	영_한	「구」			【2020년 3월 신어】
2020-0348	2020	코로나쇼크	코로나 쇼크		(<영>←corona virus shock)	영_영	「구」			【2020년 1월 신어】
2020-0349	2020	코로나수능	코로나 수능		(<영>←corona virus修能)	영_한	「구」			【2020년 5월 신어】
2020-0350	2020	코로나수당	코로나 수당		(<영>←corona virus手當)	영_한	「구」			【2020년 3월 신어】
2020-0351	2020	코로나신데렐라	코로나 신데렐라		(<영>←corona virus Cinderella)	영_영	「구」			【2020년 6월 신어】
2020-0352	2020	코로나안개	코로나 안개		(<영>←corona virus안개)	영_고	「구」			【2020년 3월 신어】
2020-0353	2020	코로나앱	코로나 앱		(<영>←corona virus←application)	영_영	「구」			【2020년 2월 신어】
2020-0354	2020	코로나우울감	코로나 우울감		(<영>←corona virus憂鬱感)	영_한	「구」			【2020년 3월 신어】
2020-0355	2020	코로나우울증	코로나 우울증		(<영>←corona virus憂鬱症)	영_한	「구」			【2020년 2월 신어】
2020-0356	2020	코로나이혼	코로나 이혼		(<영>←corona virus離婚)	영_한	「구」			【2020년 3월 신어】
2020-0357	2020	코로나일구	코로나^일구		(<영>←corona virus一九)	영^한		『보건 일반』		【2020년 1월 신어】
2020-0358	2020	코로나전쟁	코로나 전쟁		(<영>←corona virus戰爭)	영_한	「구」			【2020년 1월 신어】
2020-0359	2020	코로나정치01	코로나 정치01		(<영>←corona virus政治)	영_한	「구」			【2020년 2월 신어】
2020-0360	2020	코로나정치02	코로나 정치02		(<영>←corona virus政治)	영_한	「구」			【2020년 2월 신어】
2020-0361	2020	코로나채권	코로나 채권		(<영>←corona virus債券)	영_한	「구」			【2020년 3월 신어】
2020-0362	2020	코로나총선	코로나 총선		(<영>←corona virus總選)	영_한	「구」			【2020년 1월 신어】
2020-0363	2020	코로나칼립스	코로나칼립스		(<영>←corona virus apocalypse)	영+영	「명」			【2020년 3월 신어】
2020-0364	2020	코로나케이션	코로나케이션		(<영>coronacation)	영	「명」			【2020년 4월 신어】
2020-0365	2020	코로나특수	코로나 특수		(<영>←corona virus特需)	영_한	「구」			【2020년 1월 신어】
2020-0366	2020	코로나팬데믹	코로나 팬데믹		(<영>←corona virus pandemic)	영_영	「구」			【2020년 2월 신어】
2020-0367	2020	코로나포비아	코로나 포비아		(<영>←corona virus phobia)	영_영	「구」			【2020년 1월 신어】
2020-0368	2020	코로나피싱	코로나 피싱		(<영>←corona virus phishing)	영_영	「구」			【2020년 2월 신어】
2020-0369	2020	코로노미	코로노미		(<영>←corona virus economy)	영+영	「명」			【2020년 3월 신어】
2020-0370	2020	코로노미쇼크	코로노미 쇼크		(<영>←corona virus←economy shock)	영_영	「구」			【2020년 3월 신어】
2020-0371	2020	코로니얼세대	코로니얼 세대		(<영>coronial 世代)	영_한	「구」			【2020년 4월 신어】
2020-0372	2020	코비드일구	코비드^일구		(<영>COVID一九)	영^한		『보건 일반』		【2020년 2월 신어】
2020-0373	2020	코비디보스	코비디보스		(<영>covidivorce)	영	「명」			【2020년 5월 신어】
2020-0374	2020	코비디엇	코비디엇		(<영>covidiot)	영	「명」			【2020년 4월 신어】
2020-0375	2020	큐레이터봇	큐레이터 봇		(<영>curator bot)	영_영	「구」			【2020년 1월 신어】
2020-0376	2020	큐코노미	큐코노미		(<영>▼←quarantine economy)	영+영	「명」			【2020년 3월 신어】
2020-0377	2020	탑골가요	탑골 가요		(塔골歌謠)	(한+고)_한	「구」			【2019년 8월 신어】
2020-0378	2020	탑골스타	탑골 스타		(塔골<영>star)	(한+고)_영	「구」			【2019년 10월 신어】
2020-0379	2020	택배없는날	택배 없는 날		(宅配없는날)	한_고_고	「구」			【2019년 7월 신어】
2020-0380	2020	턱스크	턱스크		(턱<영>←mask)	고+영	「명」			【2020년 5월 신어】
2020-0381	2020	퇴사플래너	퇴사 플래너		(退社<영>planner)	한_영	「구」			【2019년 10월 신어】
2020-0382	2020	퇴식로봇	퇴식 로봇		(退食<영>robot)	한_영	「구」			【2019년 12월 신어】
2020-0383	2020	투게더앳홈	투게더 앳 홈		(<영>together at home)	영_영_영	「구」			【2020년 3월 신어】
2020-0384	2020	트래블버블	트래블 버블		(<영>travel bubble)	영_영	「구」			【2020년 5월 신어】
2020-0385	2020	파생포비아	파생 포비아		(派生<영>phobia	한_영	「구」			【2019년 8월 신어】
2020-0386	2020	팬티코딩	팬티 코딩		(<영>▼←panties coding)	영_영	「구」			【2020년 3월 신어】
2020-0387	2020	펫시터중개업	펫시터^중개업		(<영>pet sitter仲介業)	영^한		『서비스업』		【2019년 7월 신어】
2020-0388	2020	포스트코로나	포스트 코로나		(<영>post←corona virus)	영_영	「구」			【2020년 2월 신어】
2020-0389	2020	포켓팅	포켓팅		(<영>▼←potato ticketing)	영+영	「명」			【2020년 3월 신어】
2020-0390	2020	플랫폼운송면허	플랫폼^운송^면허		(<영>platform運送免許)	영^한^한		『서비스업』		【2019년 7월 신어】
2020-0391	2020	플랫폼운송중개사업	플랫폼^운송^중개^사업		(<영>platform運送仲介事業)	영^한^한^한		『서비스업』		【2019년 10월 신어】
2020-0392	2020	플랫폼운수사업	플랫폼^운수^사업		(<영>platform運輸事業)	영^한^한		『서비스업』		【2019년 7월 신어】
2020-0393	2020	플랫폼운수사업자	플랫폼^운수^사업자		(<영>platform運輸事業者)	영^한^한		『서비스업』		【2019년 7월 신어】
2020-0394	2020	플루닛	플루닛		(<영>ploonet)	영	「명」			【2019년 7월 신어】
2020-0395	2020	피캉스	피캉스		(<영>←PC房<프>←vacance)	(영+한)+프	「명」			【2019년 7월 신어】
2020-0396	2020	핀셋방역	핀셋^방역		(<영>pincette防疫)	영^한		『보건 일반』		【2020년 2월 신어】
2020-0397	2020	학부모안심학년	학부모^안심^학년		(學父母安心學年)	한^한^한		『교육』		【2020년 3월 신어】
2020-0398	2020	학부모안심학년제	학부모^안심^학년제		(學父母安心學年制)	한^한^한		『교육』		【2020년 3월 신어】
2020-0399	2020	호프테이프	호프 테이프		(<영>▼hope tape)	영_영	「구」			【2020년 5월 신어】
2020-0400	2020	혼합검사법	혼합^검사법		(混合檢査法)	한^한		『보건 일반』		【2020년 3월 신어】
2020-0401	2020	혼합검체기법	혼합^검체^기법		(混合檢體技法)	한^한^한		『보건 일반』		【2020년 3월 신어】
2020-0402	2020	홈터파크	홈터 파크		(<영>▼home←water park)	영_영	「구」			【2020년 6월 신어】
2020-0403	2020	홈테인먼트	홈테인먼트		(<영>home←entertainment)	영+영	「명」			【2020년 4월 신어】
2020-0404	2020	화상벌레	화상 벌레		(火傷벌레)	한_고	「구」			【2019년 9월 신어】
2020-0405	2020	확찐자	확찐-자		(확찐者)	고+한	「명」			【2020년 3월 신어】
2021-0001	2021	가덕도신공항건설을위한특별법	가덕도^신공항^건설을^위한^특별법		(加德島新空港建設을爲한特別法)	한^한^(한+고)^(한+고)^한		『법률』		【2020년 11월 신어】
2021-0002	2021	가덕도특별법	가덕도^특별법		(加德島特別法)	한^한		『법률』		【2020년 11월 신어】
2021-0003	2021	가마니전략	가마니 전략		(가마니戰略)	고_한	「구」			【2020년 8월 신어】
2021-0004	2021	가불구취	가불구취		(價不購取)	한+한+한+한	「명」			【2020년 12월 신어】
2021-0005	2021	가상자산업법	가상^자산업법		(假想資産業法)	한^한		『법률』		【2021년 4월 신어】
2021-0006	2021	가상전화면접방식	가상 전화 면접 방식		(假想電話面接方式)	한_한_한_한	「구」			【2021년 3월 신어】
2021-0007	2021	가상출국여행	가상 출국 여행		(假想出國旅行)	한_한_한	「구」			【2020년 9월 신어】
2021-0008	2021	가정대기자	가정 대기자		(家庭待機者)	한_한	「구」			【2020년 8월 신어】
2021-0009	2021	가족돌봄휴가연장법	가족^돌봄^휴가^연장법		(家族돌봄休暇延長法)	한^고^한^한		『법률』		【2020년 8월 신어】
2021-0010	2021	감마변이	감마^변이		(<그>gamma變異)	그^한		『보건 일반』		【2021년 6월 신어】
2021-0011	2021	감염병전담요양병원	감염병^전담^요양^병원		(感染病專擔療養病院)	한^한^한^한		『의학』		【2020년 12월 신어】
2021-0012	2021	강제중도금	강제 중도금		(强制中途金)	한_한	「구」			【2020년 11월 신어】
2021-0013	2021	개인대주제도	개인^대주^제도		(個人貸株制度)	한^한^한		『경제』		【2021년 2월 신어】
2021-0014	2021	갭코노미	갭코노미		(<영>gapconomy)	영	「명」	『경제』		【2020년 12월 신어】
2021-0015	2021	거점전담병원의무지정기한	거점^전담^병원^의무^지정^기한		(據點專擔病院義務指定期限)	한^한^한^한^한^한		『의학』		【2021년 3월 신어】
2021-0016	2021	거점접종센터	거점^접종^센터		(據點接種<영>center)	한^한^영		『의학』		【2020년 12월 신어】
2021-0017	2021	건강생활실천지원금제	건강^생활^실천^지원금제		(健康生活實踐支援金制)	한^한^한^한		『보건 일반』		【2021년 6월 신어】
2021-0018	2021	검사임용개혁법	검사^임용^개혁법		(檢事任用改革法)	한^한^한		『법률』		【2020년 12월 신어】
2021-0019	2021	검수완박	검수완박		(檢授完剝)	한+한+한+한	「명」			【2021년 1월 신어】
2021-0020	2021	검체로봇	검체^로봇		(檢體<영>robot)	한^영		『보건 일반』		【2021년 5월 신어】
2021-0021	2021	고대면접촉	고대면 접촉		(高對面接觸)	한_한	「구」			【2020년 8월 신어】
2021-0022	2021	골플루언서	골플루언서		(<영>▼←golf influencer)	영+영	「명」			【2020년 8월 신어】
2021-0023	2021	공동격리자	공동 격리자		(共同隔離者)	한_한	「구」			【2020년 8월 신어】
2021-0024	2021	공민지	공민지		(公민지)	한+고	「명」			【2021년 6월 신어】
2021-0025	2021	공스장	공스장		(公<영>▼←health場)	한+영+한	「명」			【2020년 9월 신어】
2021-0026	2021	공정벌금	공정^벌금		(公正罰金)	한^한		『법률』		【2021년 4월 신어】
2021-0027	2021	공정벌금제	공정^벌금제		(公正罰金制)	한^한		『법률』		【2021년 4월 신어】
2021-0028	2021	관음충	관음-충		(觀淫蟲)	한+한	「명」			【2021년 1월 신어】
2021-0029	2021	구글갑질방지법	구글^갑질^방지법		(Google甲질防止法)	영^(한+고)^한		『법률』		【2020년 9월 신어】
2021-0030	2021	구레니얼	구레니얼		(俱<영>←millennial)	한+영	「명」			【2020년 8월 신어】
2021-0031	2021	국가치료격리병상	국가^치료^격리^병상		(國家治療隔離病床)	한^한^한^한		『의학』		【2020년 11월 신어】
2021-0032	2021	국방유공자예우법	국방^유공자^예우법		(國防有功者禮遇法)	한^한^한		『법률』		【2021년 4월 신어】
2021-0033	2021	군싹	군싹			고+고	「명」			【2021년 3월 신어】
2021-0034	2021	그린패스	그린^패스		(<영>green pass)	영^영		『보건 일반』		【2021년 2월 신어】
2021-0035	2021	근력저축운동	근력 저축 운동		(筋力貯蓄運動)	한_한_한	「구」			【2020년 8월 신어】
2021-0036	2021	근원환자	근원^환자		(根源患者)	한^한		『의학』		【2020년 8월 신어】
2021-0037	2021	근육옷감	근육^옷감		(筋肉옷감)	한^고		『기계』		【2021년 4월 신어】
2021-0038	2021	근육적금	근육 적금		(筋肉積金)	한_한	「구」			【2021년 6월 신어】
2021-0039	2021	금융복합기업집단	금융^복합^기업^집단		(金融複合企業集團)	한^한^한^한		『경제』		【2020년 12월 신어】
2021-0040	2021	금융복합기업집단법	금융^복합^기업^집단법		(金融複合企業集團法)	한^한^한^한		『법률』		【2020년 12월 신어】
2021-0041	2021	금융소송원	금융 소송원		(金融訴訟院)	한_한	「구」			【2021년 2월 신어】
2021-0042	2021	금융치료	금융 치료01		(金融治療)	한_한	「구」			【2021년 1월 신어】
2021-0043	2021	급식개미	급식^개미		(給食개미)	한^고		『경제』		【2020년 8월 신어】
2021-0044	2021	기근바이러스	기근^바이러스		(飢饉<영>virus)	한^영		『사회 일반』		【2020년 11월 신어】
2021-0045	2021	기변기추	기변-기추		(機變機追)	한+한	「명」			【2020년 10월 신어】
2021-0046	2021	기본소득국민운동	기본^소득^국민운동		(基本所得國民運動)	한^한^한		『사회 일반』		【2020년 11월 신어】
2021-0047	2021	기본소득토지세	기본^소득^토지세		(基本所得土地稅)	한^한^한		『법률』		【2020년 7월 신어】
2021-0048	2021	기초학술기본법	기초^학술^기본법		(基礎學術基本法)	한^한^한		『법률』		【2021년 4월 신어】
2021-0049	2021	기후민감계층	기후^민감^계층		(氣候敏感階層)	한^한^한		『사회 일반』		【2021년 1월 신어】
2021-0050	2021	기후테크	기후-테크		(氣候<영>tech)	한+영	「명」	『지구』		【2020년 10월 신어】
2021-0051	2021	깃깔따구속	깃깔따구-속		(깃깔따구屬)	고+한	「명」	『동물』		【2020년 10월 신어】
2021-0052	2021	껄무새	껄무새		(껄鵡새)	고+한+고	「명」			【2021년 2월 신어】
2021-0053	2021	꼬마개미	꼬마^개미			고^고		『경제』		【2021년 1월 신어】
2021-0054	2021	냥또	냥또		(냥←Lotto)	고+영	「명」			【2021년 3월 신어】
2021-0055	2021	네카라쿠배	네카라쿠배		(←Naver←Kakao←Line←Coupang配)	영+영+영+영+한	「명」			【2020년 8월 신어】
2021-0056	2021	네카라쿠배당토	네카라쿠배당토		(←Naver←Kakao←Line←Coupang配當←Toss)	영+영+영+영+한+한+영	「명」			【2021년 2월 신어】
2021-0057	2021	네카라쿠배당토직야	네카라쿠배당토직야		(←Naver←Kakao←Line←Coupang配當←Toss直야)	영+영+영+영+한+한+영+한+고	「명」			【2021년 4월 신어】
2021-0058	2021	넷술족	넷술-족		(←Netfix술族)	(영+고)+한	「명」			【2021년 3월 신어】
2021-0059	2021	노가더	노가더		(<일>←dokata[土方]<영>←er)	일+영	「명」			【2021년 5월 신어】
2021-0060	2021	노쇼백신	노쇼^백신		(<영>no-show vaccine)	영^영		『보건 일반』		【2021년 4월 신어】
2021-0061	2021	다크이코노미	다크^이코노미		(<영>dark economy)	영^영		『경제』		【2021년 1월 신어】
2021-0062	2021	단일정액제	단일^정액제		(單一定額制)	한^한		『법률』		【2020년 11월 신어】
2021-0063	2021	단풍방역	단풍 방역		(丹楓防疫)	한_한	「구」			【2020년 10월 신어】
2021-0064	2021	당근질	당근-질			고+고	「명」			【2020년 7월 신어】
2021-0065	2021	당모치	당모치		(당모<영>←chicken)	고+고+영	「명」			【2020년 10월 신어】
2021-0066	2021	대깨족	대깨-족		(대깨族)	고+한	「명」			【2020년 12월 신어】
2021-0067	2021	대네수엘라	대네수엘라		(大←Venezuela)	한+영	「명」			【2020년 7월 신어】
2021-0068	2021	대북방송금지법	대북 방송 금지법		(對北放送禁止法)	한_한_한	「구」			【2021년 4월 신어】
2021-0069	2021	대팔대사	대팔대사			고+고+고+고	「명」			【2021년 4월 신어】
2021-0070	2021	더블링현상	더블링^현상		(<영>doubling現象)	영^한		『보건 일반』		【2020년 8월 신어】
2021-0071	2021	덧보고	덧-보고		(덧報告)	고+한	「명」	『정치』		【2021년 1월 신어】
2021-0072	2021	데스크패션	데스크 패션		(<영>▼desk fashion)	영_영	「구」			【2020년 12월 신어】
2021-0073	2021	데이터담보대출	데이터^담보^대출		(<영>data擔保貸出)	영^한^한		『경제』		【2021년 1월 신어】
2021-0074	2021	델타변이	델타^변이		(<그>delta變異)	그^한		『보건 일반』		【2021년 1월 신어】
2021-0075	2021	도보배달맨	도보 배달 맨		(徒步配達<영>man)	한_한_영	「구」			【2021년 1월 신어】
2021-0076	2021	도보배달원	도보 배달원		(徒步配達配)	한_한	「구」			【2021년 7월 신어】
2021-0077	2021	돔황챠	돔황챠			고	「동」			【2021년 4월 신어】
2021-0078	2021	동물특별사법경찰관	동물^특별^사법^경찰관		(動物特別司法警察官)	한^한^한^한		『행정』		【2020년 11월 신어】
2021-0079	2021	뒷광고	뒷-광고		(뒷廣告)	고+한	「명」			【2020년 7월 신어】
2021-0080	2021	디지털시장법	디지털^시장법		(<영>digital市場法)	영^한		『법률』		【2020년 12월 신어】
2021-0081	2021	따상상	따상상		(<영>←double上上)	영+한+한	「명」			【2020년 7월 신어】
2021-0082	2021	따상상상	따상상상		(<영>←double上上上)	영+한+한+한	「명」			【2020년 7월 신어】
2021-0083	2021	딱내스	딱내스		(딱내<영>←style)	고+고+영	「명」			【2020년 11월 신어】
2021-0084	2021	딴봉띠집회	딴봉띠^집회		(<미>←ttanpongtti集會)	미^한		『사회 일반』		【2021년 3월 신어】
2021-0085	2021	뚜따	뚜따			고+고	「명」			【2020년 7월 신어】
2021-0086	2021	뚝년배	뚝-년배		(뚝年輩)	고+한	「명」			【2020년 8월 신어】
2021-0087	2021	라이크커머스	라이크^커머스		(<영>like cummerce)	영^영		『경제』		【2020년 7월 신어】
2021-0088	2021	라할살	라할살			고+고+고	「명」			【2021년 3월 신어】
2021-0089	2021	랜선사원	랜선 사원		(<영>LAN線社員)	(영+한)_한	「구」			【2021년 2월 신어】
2021-0090	2021	랜선코칭	랜선 코칭		(<영>LAN線<영>coaching)	(영+한)_영	「구」			【2020년 7월 신어】
2021-0091	2021	랜친실안	랜친실안		(<영>LAN親實안)	영+한+한+고	「명」			【2021년 2월 신어】
2021-0092	2021	레이블링게임	레이블링^게임		(<영>labeling game)	영^영		『사회 일반』		【2020년 10월 신어】
2021-0093	2021	레이어드홈	레이어드^홈		(<영>layered home)	영^영		『사회 일반』		【2020년 10월 신어】
2021-0094	2021	레지던스트랙	레지던스^트랙		(<영>residence track)	영^영		『보건 일반』		【2020년 8월 신어】
2021-0095	2021	로빈후드운동	로빈^후드^운동		(Robin Hood運動)	영^영^한		『경제』		【2020년 7월 신어】
2021-0096	2021	로켓정산법	로켓^정산법		(<영>rocket定算法)	영^한		『법률』		【2021년 1월 신어】
2021-0097	2021	록다운세대	록다운^세대		(<영>lockdown世代)	영^한		『사회 일반』		【2021년 3월 신어】
2021-0098	2021	롤링바스켓	롤링 바스켓		(<영>rolling basket)	영_영	「구」			【2021년 1월 신어】
2021-0099	2021	롤코라이프	롤코^라이프		(<영>←roller coaster life)	영^영		『사회 일반』		【2021년 1월 신어】
2021-0100	2021	롤코족	롤코-족		(<영>←roller coaster族)	영+한	「명」	『사회 일반』		【2020년 10월 신어】
2021-0101	2021	루빙뽕	루빙뽕			고	「명」			【2020년 10월 신어】
2021-0102	2021	리뷰거지	리뷰 거지		(<영>review거지)	영_고	「구」			【2020년 12월 신어】
2021-0103	2021	리뷰진상	리뷰 진상		(<영>review진상)	영_고	「구」			【2021년 3월 신어】
2021-0104	2021	리얼돌방	리얼돌-방		(<영>realdoll房)	영+한	「명」			【2021년 4월 신어】
2021-0105	2021	마기꾼	마기꾼		(<영>←mask欺꾼)	영+한+고	「명」			【2020년 11월 신어】
2021-0106	2021	마꾸	마꾸		(<영>←mask꾸)	영+고	「명」			【2020년 8월 신어】
2021-0107	2021	마드름	마드름		(<영>←mask드름)	영+고	「명」			【2020년 8월 신어】
2021-0108	2021	마스크네	마스크네		(<영>←mask←acne)	영+영	「명」			【2020년 7월 신어】
2021-0109	2021	많관부	많관부		(많關付)	영+한+한	「명」			【2020년 8월 신어】
2021-0110	2021	먹노매	먹노매			고+고+고	「명」			【2021년 2월 신어】
2021-0111	2021	메타노믹스	메타노믹스		(<영>metanomics)	영	「명」	『경제』		【2021년 3월 신어】
2021-0112	2021	면역대리지표	면역^대리^지표		(免疫代理指標)	한^한^한		『의학』		【2021년 2월 신어】
2021-0113	2021	무인탐사헬기	무인^탐사^헬기		(無人探査<영>←helicopter機)	한^한^(영+한)		『천문』		【2021년 4월 신어】
2021-0114	2021	문콕족	문콕-족		(門콕族)	(한+고)+한	「명」			【2020년 10월 신어】
2021-0115	2021	뭐하회	뭐하회		(뭐하會)	고+고+한	「명」			【2021년 1월 신어】
2021-0116	2021	민지세대	민지^세대		(민지世代)	고^한		『사회 일반』		【2021년 6월 신어】
2021-0117	2021	밀보드차트	밀보드^차트		(<영>▼←military Billboard chart)	영^영		『음악』		【2021년 2월 신어】
2021-0118	2021	바이드노믹스	바이드노믹스		(<영>Bidenomics)	영	「명」	『경제』		【2020년 10월 신어】
2021-0119	2021	바프	바프		(<영>▼←body profile)	영+영	「명」			【2020년 7월 신어】
2021-0120	2021	반값임대료법	반값^임대료법		(半값賃貸料法)	(한+고)^한		『경제』		【2020년 10월 신어】
2021-0121	2021	반백신론자	반백신론-자		(反<영>vaccine論者)	(한+영+한)+한	「명」			【2020년 8월 신어】
2021-0122	2021	방꾸	방-꾸		(房꾸)	한+고	「명」			【2019년 12월 신어】
2021-0123	2021	방방봐	방방봐		(放放봐)	한+한+고	「명」			【2021년 1월 신어】
2021-0124	2021	방역신뢰국	방역^신뢰국		(防疫信賴國)	한^한		『보건 일반』		【2021년 3월 신어】
2021-0125	2021	배민맛	배민-맛		(配民맛)	한+고	「명」			【2021년 1월 신어】
2021-0126	2021	배배테크	배배^테크		(倍賠<영>tech)	한^영		『경제』		【2020년 11월 신어】
2021-0127	2021	백슬로핑	백슬로핑		(<영>backslopping)	영	「명」			【2021년 1월 신어】
2021-0128	2021	백시케이션01	백시케이션01		(<영>vaxication)	영	「명」			【2021년 3월 신어】
2021-0129	2021	백시케이션02	백시케이션02		(<영>vaxication)	영	「명」			【2021년 3월 신어】
2021-0130	2021	백신디바이드	백신^디바이드		(<영>vaccine divide)	영^영		『보건 일반』		【2020년 12월 신어】
2021-0131	2021	백신사절단	백신^사절단		(<영>vaccine使節團)	영^한		『보건 일반』		【2021년 4월 신어】
2021-0132	2021	백신여권	백신^여권		(<영>vaccine旅券)	영^한		『보건 일반』		【2020년 11월 신어】
2021-0133	2021	백신장벽	백신 장벽		(<영>vaccine障壁)	영_한	「구」			【2020년 12월 신어】
2021-0134	2021	백신절벽	백신 절벽		(<영>vaccine絕壁)	영_한	「구」			【2020년 12월 신어】
2021-0135	2021	백신패스	백신^패스		(<영>vaccine pass)	영^영		『보건 일반』		【2021년 2월 신어】
2021-0136	2021	백신휴가제도	백신^휴가^제도		(<영>vaccine休暇制度)	영^한^한		『보건 일반』		【2021년 3월 신어】
2021-0137	2021	베이스시프트	베이스^시프트		(<영>base shift)	영^영		『경제』		【2020년 7월 신어】
2021-0138	2021	베타변이	베타^변이		(<그>beta變異)	그^한		『보건 일반』		【2021년 6월 신어】
2021-0139	2021	벼락거지	벼락-거지			고+고	「명」			【2020년 10월 신어】
2021-0140	2021	부동산블루	부동산 블루		(不動産<영>blue)	한_영	「구」			【2020년 8월 신어】
2021-0141	2021	부머쇼퍼	부머 쇼퍼		(<영>▼boomer shopper)	영_영	「구」			【2021년 6월 신어】
2021-0142	2021	부패완판	부패완판		(腐敗完판)	한+한+고	「명」			【2021년 2월 신어】
2021-0143	2021	브러싱스캠	브러싱 스캠		(<영>brushing scam)	영_영	「구」			【2020년 7월 신어】
2021-0144	2021	브이노믹스	브이노믹스		(<영>▼←virus economics)	영+영	「명」	『경제』		【2020년 10월 신어】
2021-0145	2021	비건헬스	비건 헬스		(<영>vegan health)	영_영	「구」			【2021년 2월 신어】
2021-0146	2021	비격리여행권역	비격리^여행^권역		(非隔離旅行圈域)	한^한^한		『행정』		【2021년 1월 신어】
2021-0147	2021	빵공	빵-공		(빵工)	고+한	「명」			【2020년 9월 신어】
2021-0148	2021	빵공족	빵공-족		(빵工族)	고+한+한	「명」			【2020년 9월 신어】
2021-0149	2021	사이버레커	사이버 레커		(<영>▼cyber wrecker)	영_영	「구」			【2020년 12월 신어】
2021-0150	2021	사전위탁보호제	사전^위탁^보호제		(事前委託保護制)	한^한^한		『행정』		【2021년 1월 신어】
2021-0151	2021	사전위탁보호제도	사전^위탁^보호^제도		(事前委託保護制度)	한^한^한^한		『행정』		【2021년 1월 신어】
2021-0152	2021	산스장	산스장		(山▼←health場)	한+영+한	「명」			【2020년 8월 신어】
2021-0153	2021	삼대이모님	삼대 이모님		(三大姨母님)	한_(한+고)	「구」			【2020년 12월 신어】
2021-0154	2021	상생소비지원금	상생^소비^지원금		(相生消費支援金)	한^한^한		『복지』		【2021년 6월 신어】
2021-0155	2021	상폐빔	상폐^빔		(上廢<영>beam)	한^영		『경제』		【2021년 4월 신어】
2021-0156	2021	생떼탕	생떼-탕		(生떼湯)	(한+고)+한	「명」			【2021년 4월 신어】
2021-0157	2021	서학개미	서학^개미		(西學개미)	한^고		『경제』		【2020년 8월 신어】
2021-0158	2021	서학개미운동	서학^개미^운동		(西學개미運動)	한^고^한		『경제』		【2020년 8월 신어】
2021-0159	2021	세계백신면역개발연합	세계^백신^면역^개발^연합		(世界<영>vaccine免疫開發聯合)	한^영^한^한^한		『보건 일반』		【2020년 8월 신어】
2021-0160	2021	세금멈춤법	세금^멈춤법		(稅金멈춤法)	한^(고+한)		『경제』		【2020년 12월 신어】
2021-0161	2021	세컨슈머	세컨슈머		(<영>▼←second consumer)	영+영	「명」			【2020년 11월 신어】
2021-0162	2021	손민수하다	손민수-하다			고+고	「동」			【2021년 4월 신어】
2021-0163	2021	숏케팅	숏케팅		(<영>▼←short marketing)	영+영	「명」			【2021년 2월 신어】
2021-0164	2021	수정체낭절개술	수정체낭^절개술		(水晶體囊切開術)	한^한		『의학』		【2020년 7월 신어】
2021-0165	2021	쉬세션	쉬세션		(<영>shecession)	영	「명」			【2021년 3월 신어】
2021-0166	2021	쉽살재빙	쉽살재빙		(쉽살재<영>←bingo)	고+고+고+영	「명」			【2020년 10월 신어】
2021-0167	2021	스가노믹스	스가노믹스		(Suga[菅]<영>←economics)	일+영	「명」	『경제』		【2020년 9월 신어】
2021-0168	2021	스강신청	스강 신청		(<일>sushi[鮨]講申請)	(일+한)_한	「구」			【2021년 2월 신어】
2021-0169	2021	스펜데믹	스펜데믹		(<영>spendemic)	영	「명」			【2021년 10월 신어】
2021-0170	2021	스핏후드	스핏^후드		(<영>spit hood)	영^영		『복식』		【2020년 9월 신어】
2021-0171	2021	시기상조회	시기상조-회		(時機尙早會)	한+한	「명」			【2020년 10월 신어】
2021-0172	2021	시심비	시심-비		(時心比)	한+한	「명」			【2021년 1월 신어】
2021-0173	2021	식집사	식-집사		(植執事)	한+한	「명」			【2021년 4월 신어】
2021-0174	2021	신꾸	신꾸			고+고	「명」			【2021년 12월 신어】
2021-0175	2021	신속진단검사센터	신속^진단^검사^센터		(迅速診斷檢査<영>center)	한^한^한^영		『보건 일반』		【2021년 4월 신어】
2021-0176	2021	싫테	싫테		(싫<영>←terror)	고+영	「명」			【2021년 2월 신어】
2021-0177	2021	쌀먹	쌀-먹			고+고	「명」			【2020년 7월 신어】
2021-0178	2021	쏠드족	쏠드-족		(<영>←smart old族)	영+한	「명」			【2020년 8월 신어】
2021-0179	2021	아끼똥	아끼-똥			고+고	「명」			【2021년 6월 신어】
2021-0180	2021	아동돌봄특별지원	아동^돌봄^특별^지원		(兒童돌봄特別支援)	한^고^한^한		『복지』		【2020년 9월 신어】
2021-0181	2021	아동특별돌봄비	아동^특별^돌봄비		(兒童特別돌봄費)	한^한^(고+한)		『복지』		【2020년 9월 신어】
2021-0182	2021	아동특별돌봄지원	아동^특별^돌봄^지원		(兒童特別돌봄支援)	한^한^고^한		『복지』		【2020년 9월 신어】
2021-0183	2021	아동특별돌봄지원금	아동^특별^돌봄^지원금		(兒童特別돌봄支援金)	한^한^고^한		『복지』		【2020년 9월 신어】
2021-0184	2021	아동특별돌봄지원비	아동^특별^돌봄^지원비		(兒童特別돌봄支援費)	한^한^고^한		『복지』		【2020년 9월 신어】
2021-0185	2021	아재백신	아재 백신		(←AstraZeneca<영>vaccine)	영_영	「구」			【2021년 3월 신어】
2021-0186	2021	안내스	안내스		(안내<영>←style)	고+영	「명」			【2020년 11월 신어】
2021-0187	2021	알몸김치	알몸 김치			고_고	「구」			【2021년 6월 신어】
2021-0188	2021	알파변이	알파^변이		(<영>alpha變異)	영^한		『보건 일반』		【2021년 3월 신어】
2021-0189	2021	액화수소열차	액화^수소^열차		(液化水素列車)	한^한^한		『교통』		【2020년 9월 신어】
2021-0190	2021	양자난수생성기술	양자^난수^생성^기술		(量子亂數生成技術)	한^한^한^한		『정보·통신』		【2021년 6월 신어】
2021-0191	2021	에브리싱랠리	에브리싱^랠리		(<영>everything rally)	영^영		『경제』		【2020년 12월 신어】
2021-0192	2021	에프와이피	에프와이피		(<영>FYP)	영	「명」			【2021년 3월 신어】
2021-0193	2021	엔차신상	엔차 신상		(<영>n次新商)	(영+한)_한	「구」			【2020년 10월 신어】
2021-0194	2021	엘에이치로남불	엘에이치로남불		(LH<영>←romance남不)	영+고+한	「명」			【2021년 3월 신어】
2021-0195	2021	엠뷰티	엠 뷰티		(<영>▼M beauty)	영_영	「구」			【2021년 6월 신어】
2021-0196	2021	여행안전권역	여행^안전^권역		(旅行安全圈域)	한^한^한		『행정』		【2021년 4월 신어】
2021-0197	2021	연금개미	연금^개미		(年金개미)	한^고		『경제』		【2020년 9월 신어】
2021-0198	2021	영끌러	영끌-러		(靈끌<영>←er)	(한+고)+영	「명」			【2020년 8월 신어】
2021-0199	2021	영끌매수	영끌 매수		(靈끌買收)	(한+고)_한	「구」			【2020년 7월 신어】
2021-0200	2021	영끌족	영끌-족		(靈끌族)	(한+고)+한	「명」			【2020년 8월 신어】
2021-0201	2021	영털	영털		(靈털)	한+고	「명」			【2020년 9월 신어】
2021-0202	2021	오륙남	오륙-남		(五六男)	한+한	「명」			【2020년 8월 신어】
2021-0203	2021	오하운	오하운		(오하運)	고+고+한	「명」			【2020년 10월 신어】
2021-0204	2021	완내스	완내스		(完내<영>←style)	한+고+영	「명」			【2020년 10월 신어】
2021-0205	2021	우먼버핏	우먼^버핏		(<영>woman Buffett)	영^영		『경제』		【2020년 12월 신어】
2021-0206	2021	워크레져패션	워크^레저^패션		(<영>work leisure fashion)	영^영^영		『복식』		【2021년 2월 신어】
2021-0207	2021	유도슈트	유도^슈트		(誘導<영>chute)	한^영		『기계』		【2021년 3월 신어】
2021-0208	2021	육아기본소득	육아^기본^소득		(育兒基本所得)	한^한^한		『복지』		【2020년 11월 신어】
2021-0209	2021	육아전문관리사	육아^전문^관리사		(育兒專門管理士)	한^한^한		『사회 일반』		【2020년 8월 신어】
2021-0210	2021	음토토	음토토		(<와>mtoto)	와	「명」	『역사』		【2021년 5월 신어】
2021-0211	2021	의무공공기여	의무^공공^기여		(義務公共寄與)	한^한^한		『행정』		【2021년 6월 신어】
2021-0212	2021	이말올	이말올			고+고+고	「명」			【2020년 7월 신어】
2021-0213	2021	이모카세	이모카세		(姨母<일>←omaka[御任]se)	한+일	「명」			【2020년 12월 신어】
2021-0214	2021	이왜진	이왜진		(이왜眞)	고+고+한	「명」			【2020년 10월 신어】
2021-0215	2021	인플루언서블세대	인플루언서블^세대		(<영>influenceable世代)	영^한		『사회 일반』		【2020년 11월 신어】
2021-0216	2021	일가구일주택법	일^가구^일^주택법		(一家口一住宅法)	한^한^한^한		『법률』		【2020년 8월 신어】
2021-0217	2021	임대료멈춤법	임대료^멈춤법		(賃貸料멈춤法)	한^(고+한)		『경제』		【2020년 12월 신어】
2021-0218	2021	자본주의키즈	자본주의^키즈		(資本主義<영>kids)	한^영		『사회 일반』		【2020년 10월 신어】
2021-0219	2021	자율방역로봇	자율^방역^로봇		(自律防疫<영>robot)	한^한^영		『기계』		【2020년 8월 신어】
2021-0220	2021	자컨	자콘		(自<영>←contents)	한+영	「명」			【2021년 3월 신어】
2021-0221	2021	재난시기상가임대료감면법	재난^시기^상가^임대료^감면법		(災難時期商家賃貸料減免法)	한^한^한^한^한		『법률』		【2020년 12월 신어】
2021-0222	2021	재산비례벌금제	재산^비례^벌금제		(財産比例罰金制)	한^한^한		『법률』		【2019년 8월 신어】
2021-0223	2021	재텔근무	재텔-근무		(在<영>←hotel勤務)	(한+영)+한	「명」			【2020년 9월 신어】
2021-0224	2021	잼민이	잼민-이			고+고	「명」			【2020년 10월 신어】
2021-0225	2021	전국민재난지원패키지	전^국민^재난^지원^패키지		(全國民災難支援<영>package)	한^한^한^한^영		『복지』		【2021년 6월 신어】
2021-0226	2021	전략장거리포	전략^장거리포		(戰略長距離砲)	한^한		『군사』		【2020년 8월 신어】
2021-0227	2021	전월세금지법	전월세^금지법		(傳月貰禁止法)	한^한		『법률』		【2020년 12월 신어】
2021-0228	2021	전자예방접종증명서	전자^예방^접종^증명서		(電子豫防接種證明書)	한^한^한^한		『보건 일반』		【2021년 3월 신어】
2021-0229	2021	젊치인	젊치-인		(젊治人)	(고+한)+한	「명」			【2021년 4월 신어】
2021-0230	2021	점심시간일괄휴식제	점심시간 일괄 휴식제		(點心時間一括休息制)	한_한_한	「구」			【2021년 4월 신어】
2021-0231	2021	정자공여시술	정자 공여 시술		(精子供與施術)	한_한_한	「구」			【2020년 11월 신어】
2021-0232	2021	정책형뉴딜펀드	정책형^뉴딜^펀드		(政策型New Deal<영>fund)	한^영^영		『경제』		【2020년 9월 신어】
2021-0233	2021	정치신인트랙	정치 신인 트랙		(政治新人<영>track)	한_한_영	「구」			【2020년 11월 신어】
2021-0234	2021	제당슈만	제당슈만		(제當<영>←super star만)	고+한+영+고	「명」			【2021년 2월 신어】
2021-0235	2021	좋댓구알	좋댓구알		(좋對購알)	고+한+한+고	「명」			【2021년 1월 신어】
2021-0236	2021	주가꿈비율	주가^꿈^비율		(株價꿈比率)	한^고^한		『경제』		【2020년 7월 신어】
2021-0237	2021	주불	주불		(住불)	한+고	「명」			【2020년 10월 신어】
2021-0238	2021	주포원	주포-원		(住抛員)	한+한	「명」			【2020년 9월 신어】
2021-0239	2021	주폭방지법	주폭^방지법		(酒暴防止法)	한^한		『법률』		【2021년 4월 신어】
2021-0240	2021	줌술족	줌술-족		(Zoom술族)	(영+고)+한	「명」			【2021년 3월 신어】
2021-0241	2021	줌피로	줌-피로		(Zoom疲勞)	영+한	「명」			【2020년 9월 신어】
2021-0242	2021	중수청	중수-청		(重搜廳)	한+한	「명」			【2020년 9월 신어】
2021-0243	2021	중수청법	중수청-법		(重搜廳法)	한+한	「명」	『법률』		【2021년 2월 신어】
2021-0244	2021	중수청장	중수청-장		(重搜廳長)	한+한	「명」			【2021년 2월 신어】
2021-0245	2021	중앙예방접종센터	중앙^예방^접종^센터		(中央豫防接踵center)	한^한^한^영		『보건 일반』		【2021년 1월 신어】
2021-0246	2021	지역재생잠재력지수	지역^재생^잠재력^지수		(地域再生潛在力指數)	한^한^한^한		『사회 일반』		【2020년 12월 신어】
2021-0247	2021	지옥개미	지옥-개미		(地獄개미)	한+고	「명」			【2020년 8월 신어】
2021-0248	2021	집단면역가설	집단^면역^가설		(集團免疫假說)	한^한^한		『보건 일반』		【2020년 9월 신어】
2021-0249	2021	집착광공	집착 광공		(執着狂攻)	한_한	「구」			【2020년 7월 신어】
2021-0250	2021	쩝쩝박사	쩝쩝-박사		(쩝쩝博士)	고+한	「명」			【2020년 9월 신어】
2021-0251	2021	쫌쫌따리01	쫌쫌-따리01			고+고	「명」			【2020년 12월 신어】
2021-0252	2021	쫌쫌따리02	쫌쫌-따리02			고+고	「부」			
2021-0253	2021	차박튀	차박튀		(車박튀)	한+고+고	「명」			【2020년 10월 신어】
2021-0254	2021	책임등교	책임 등교		(責任登校)	한_한	「구」			【2020년 9월 신어】
2021-0255	2021	천스닥	천스닥		(千<영>←KOSDAQ)	한+영	「명」			【2020년 12월 신어】
2021-0256	2021	청년특별구직지원금	청년^특별^구직^지원금		(靑年特別求職支援金)	한^한^한^한		『복지』		【2020년 9월 신어】
2021-0257	2021	청무구사	청무구사		(請무舊사)	한+고+한+고	「명」			【2020년 7월 신어】
2021-0258	2021	청산가정반환율	청산^가정^반환율		(淸算假定返還率)	한^한^한		『경제』		【2020년 7월 신어】
2021-0259	2021	촌캉스	촌캉스		(村<프>←vacance)	한+프	「명」			【2020년 7월 신어】
2021-0260	2021	칩플레이션	칩플레이션		(<영>▼chip←inflation)	영	「명」	『경제』		【2021년 3월 신어】
2021-0261	2021	캐해	캐해		(<영>←character解)	영+한	「명」			【2020년 11월 신어】
2021-0262	2021	코끝모	코끝모		(<영>←corona virus끝모)	영+고+고	「명」			【2021년 3월 신어】
2021-0263	2021	코로나레드	코로나 레드		(<영>▼←corona virus red)	영_영	「구」			【2020년 9월 신어】
2021-0264	2021	코로나손실보상법	코로나^손실^보상법		(<영>←corona virus損失補償法)	영^한^한		『법률』		【2021년 1월 신어】
2021-0265	2021	코로나앵그리	코로나 앵그리		(<영>▼←corona virus angry)	영_영	「구」			【2020년 8월 신어】
2021-0266	2021	코로나피로도	코로나 피로도		(<영>←corona virus疲勞度)	영_한	「구」			【2020년 8월 신어】
2021-0267	2021	코로나학번	코로나 학번		(<영>←corona virus學番)	영_한	「구」			【2020년 3월 신어】
2021-0268	2021	코비디오파티	코비디오 파티		(<영>covideo party)	영_영	「구」			【2021년 1월 신어】
2021-0269	2021	코세글자	코세글자		(<영>←corona virus세글字	영+고+(고+한)	「명」			【2020년 9월 신어】
2021-0270	2021	코스크	코스크		(코<영>←mask)	고+영	「명」			【2020년 8월 신어】
2021-0271	2021	코인민심	코인 민심		(<영>coin民心)	영_한	「구」			【2021년 4월 신어】
2021-0272	2021	코파라치	코파라치		(<영>←corona virus<이>←paparazzi)	영+이	「명」			【2020년 9월 신어】
2021-0273	2021	콜체크인	콜 체크인		(<영>▼call check-in)	영_영	「구」			【2020년 11월 신어】
2021-0274	2021	쿠세권	쿠세-권		(←Coupang勢圈)	영+한	「명」			【2021년 4월 신어】
2021-0275	2021	크크루삥뽕	크크루삥뽕			고	「부」			【2021년 5월 신어】
2021-0276	2021	탄소조정세	탄소^조정세		(炭素調整稅)	한^한		『경제』		【2020년 10월 신어】
2021-0277	2021	태그니티마케팅	태그니티^마케팅		(<영>▼tag←community marketing)	영^영		『경영』		【2021년 5월 신어】
2021-0278	2021	턱스크족	턱스크-족		(턱<영>←mask族)	(고+영)+한	「명」			【2020년 8월 신어】
2021-0279	2021	테슬람	테슬람		(<영>Teslam)	영	「명」			【2020년 7월 신어】
2021-0280	2021	토지임대부기본주택공급촉진특별법	토지^임대부^기본^주택^공급^촉진^특별법		(土地賃貸附基本住宅供給促進特別法)	한^한^한^한^한^한^한		『법률』		【2021년 3월 신어】
2021-0281	2021	통합수질지수	통합^수질^지수		(統合水質指數)	한^한^한		『환경』		【2021년 4월 신어】
2021-0282	2021	트윈데믹	트윈데믹		(<영>twindemic)	영	「명」	『보건 일반』		【2020년 8월 신어】
2021-0283	2021	포택트	포택트		(<영>▼for←ontact)	영+영	「명」			【2020년 9월 신어】
2021-0284	2021	폰꾸	폰-꾸		(<영>phone꾸)	영+고	「명」			【2020년 6월 신어】
2021-0285	2021	풀멍	풀-멍			고+고	「명」			【2021년 3월 신어】
2021-0286	2021	피코질	피코-질		(被<일>←kosupure질)	(한+일)+고	「명」			【2020년 7월 신어】
2021-0287	2021	핀플루언서	핀플루언서		(<영>finfluencer)	영	「명」			【2021년 6월 신어】
2021-0288	2021	하체털기	하체-털기		(下體털기)	한+고	「명」			【2020년 10월 신어】
2021-0289	2021	학대정책계	학대^정책계		(虐待政策係)	한^한		『행정』		【2021년 1월 신어】
2021-0290	2021	한계근로빈곤층	한계^근로^빈곤층		(限界勤勞貧困層)	한^한^한		『사회 일반』		【2021년 2월 신어】
2021-0291	2021	한국여행놀이	한국 여행 놀이		(韓國旅行놀이)	한_한_고	「구」			【2021년 6월 신어】
2021-0292	2021	한복공정	한복 공정		(韓服工程)	한_한	「구」			【2020년 10월 신어】
2021-0293	2021	할미룩	할미^룩		(할미<영>look)	고^영		『복식』		【2020년 12월 신어】
2021-0294	2021	할밍아웃	할밍아웃		(할<영>←coming-out)	고+영	「명」			【2020년 12월 신어】
2021-0295	2021	호모마스쿠스	호모 마스쿠스		(<라>▼Homo<영>mask<라>←pithecus)	라_(영+라)	「구」			【2020년 10월 신어】
2021-0296	2021	호모마스크쿠스	호모 마스크쿠스		(<라>▼Homo<영>mask<라>←pithecus)	라_(영+라)	「구」			【2020년 11월 신어】
2021-0297	2021	호텔거지	호텔 거지		(<영>hotel거지)	영_고	「구」			【2020년 11월 신어】
2021-0298	2021	홈오피스웨어	홈^오피스^웨어		(<영>home office wear)	영^영^영		『복식』		【2020년 12월 신어】
2021-0299	2021	확장가상세계	확장 가상 세계		(擴張假象世界)	한_한_한	「구」			【2021년 2월 신어】
2021-0300	2021	힙화점	힙화점		(<영>hip貨店)	영+한	「명」			【2020년 9월 신어】
2022-0001	2022	가상세계패션	가상^세계^패션		(假象世界<영>fashion)	한^한^영		『복식』		【2021년 8월 신어】
2022-0002	2022	가스테란투스익스팅크투스	가스테란투스^익스팅크투스		(<라>Gasteranthus extinctus)	라^라		『식물』		【2022년 4월 신어】
2022-0003	2022	가스플레이션	가스플레이션		(<영>gasflation)	영	「명」	『경제』		【2021년 10월 신어】
2022-0004	2022	가입자퇴직급여보장법	가입자^퇴직^급여^보장법		(加入者退職給與保障法)	한^한^한^한		『법률』		【2021년 12월 신어】
2022-0005	2022	가족돌봄청년	가족 돌봄 청년		(家族돌봄靑年)	한_고_한	「구」			【2021년 10월 신어】
2022-0006	2022	가족돌봄청소년	가족 돌봄 청소년		(家族돌봄靑少年)	한_고_한	「구」			【2021년 10월 신어】
2022-0007	2022	가짜무새	가짜무새		(假짜鵡새)	(한+고)+(한+고)	「명」			【2022년 5월 신어】
2022-0008	2022	가피단	가피단		(加被團)	한+한+한	「명」			【2021년 9월 신어】
2022-0009	2022	간병이혼	간병 이혼		(看病離婚)	한_한	「구」			【2021년 10월 신어】
2022-0010	2022	간호인력인권법	간호^인력^인권법		(看護人力人權法)	한^한^한		『법률』		【2021년 9월 신어】
2022-0011	2022	갈대멍	갈대-멍			고+고	「명」			【2021년 10월 신어】
2022-0012	2022	감동심해	감동 심해		(感動심해)	한_고	「구」			【2022년 4월 신어】
2022-0013	2022	감트코인	감트코인		(감<영>←bitcoin)	고+영	「명」			【2022년 5월 신어】
2022-0014	2022	개리야스	개리야스		(개<에>←medias)	고+에	「명」			【2022년 5월 신어】
2022-0015	2022	개발이익국민환수제	개발^이익^국민^환수제		(開發利益國民還收制)	한^한^한^한		『행정』		【2021년 9월 신어】
2022-0016	2022	개인경계선	개인^경계선		(個人境界線)	한^한		『정보·통신』		【2022년 2월 신어】
2022-0017	2022	검당유착	검당^유착		(檢黨癒着)	한^한		『사회 일반』		【2021년 9월 신어】
2022-0018	2022	검수단박	검수단박		(檢搜段剝)	한+한+한+한	「명」			【2022년 4월 신어】
2022-0019	2022	검수더박	검수더박		(檢搜더剝)	한+한+고+한	「명」			【2022년 4월 신어】
2022-0020	2022	검수덜박	검수덜박		(檢搜덜剝)	한+한+고+한	「명」			【2022년 4월 신어】
2022-0021	2022	검수완박법	검수완박-법		(檢搜完剝法)	한+한	「명」	『법률』		【2021년 8월 신어】
2022-0022	2022	검역정보사전입력시스템	검역^정보^사전^입력^시스템		(檢疫情報事前入力<영>system)	한^한^한^한^영		『보건 일반』		【2022년 1월 신어】
2022-0023	2022	검월완박	검월완박		(檢月完剝)	한+한+한+한	「명」			【2022년 6월 신어】
2022-0024	2022	검찰면담제	검찰^면담제		(檢察面談制)	한^한		『법률』		【2021년 8월 신어】
2022-0025	2022	검찰정상화법	검찰^정상화법		(檢察正常化法)	한^한		『법률』		【2022년 4월 신어】
2022-0026	2022	검핵관	검핵관		(檢核關)	한+한+한	「명」			【2022년 5월 신어】
2022-0027	2022	결송하다	결송-하다		(結悚하다)	한+고	「형」			【2021년 8월 신어】
2022-0028	2022	결장협착증	결장^협착증		(結腸狹窄症)	한^한		『의학』		【2021년 7월 신어】
2022-0029	2022	경수완박	경수완박		(警搜完剝)	한+한+한+한	「명」			【2022년 4월 신어】
2022-0030	2022	경육남	경육남		(慶六男)	한+한	「명」			【2022년 4월 신어】
2022-0031	2022	경제부스터샷	경제^부스터^샷		(經濟<영>booster shot)	한^영^영		『경제』		【2022년 2월 신어】
2022-0032	2022	경제특례시	경제-특례시		(經濟特例市)	한+한	「명」			【2021년 12월 신어】
2022-0033	2022	고끝낙온	고끝낙온		(苦끝樂온)	한+고+한+고	「명」			【2022년 3월 신어】
2022-0034	2022	고등직업교육거점지구지원사업	고등^직업^교육^거점^지구^지원^사업		(高等職業敎育據點地區支援事業)	한^한^한^한^한^한^한		『행정』		【2021년 7월 신어】
2022-0035	2022	고소절연작업차	고소^절연^작업^차		(高所絕緣作業車)	한^한^한^한		『산업 일반』		【2022년 1월 신어】
2022-0036	2022	고용평등임금공시제	고용^평등^임금^공시제		(雇傭平等賃金公示制)	한^한^한^한		『사회 일반』		【2021년 9월 신어】
2022-0037	2022	고준위특별법	고준위^특별법		(高準位特別法)	한^한		『법률』		【2021년 9월 신어】
2022-0038	2022	고짠	고짠			고+고	「명」			【2022년 4월 신어】
2022-0039	2022	골푸어	골푸어		(<영>▼←golf poor)	영+영	「명」			【2021년 9월 신어】
2022-0040	2022	공간결정론	공간^결정론		(空間決定論)	한^한		『건설』		【2022년 3월 신어】
2022-0041	2022	공공금융플랫폼	공공^금융^플랫폼		(公共金融<영>platform)	한^한^한		『정보·통신』		【2022년 4월 신어】
2022-0042	2022	공공매입약정	공공^매입^약정^방식		(公共買入約定方式)	한^한^한^한		『경제』		【2021년 9월 신어】
2022-0043	2022	공급망안정화기금	공급망^안정화^기금		(供給網安定化基金)	한^한^한		『경제』		【2022년 2월 신어】
2022-0044	2022	공수완박	공수완박		(公搜完剝)	한+한+한+한	「명」			【2022년 4월 신어】
2022-0045	2022	공직후보자역량자격시험	공직^후보자^역량^자격시험		(公職候補者力量資格試驗)	한^한^한^한		『정치』		【2022년 3월 신어】
2022-0046	2022	광자력계	광^자력계		(光磁力計)	한^한		『전기·전자』		【2022년 2월 신어】
2022-0047	2022	교육회복추진단	교육^회복^추진단		(敎育回復推進團)	한^한^한		『교육』		【2021년 7월 신어】
2022-0048	2022	굥정	굥정		(굥正)	고+한	「명」			【2022년 4월 신어】
2022-0049	2022	국가데이터혁신지구	국가^데이터^혁신^지구		(國家<영>data革新地區)	한^영^한^한		『행정』		【2022년 4월 신어】
2022-0050	2022	국가민속유산	국가^민속^유산		(國家民俗遺産)	한^한^한		『법률』		【2022년 4월 신어】
2022-0051	2022	국가우주산업벨트	국가^우주^산업^벨트		(國家宇宙産業<영>belt)	한^한^한^영		『천문』		【2021년 12월 신어】
2022-0052	2022	국가우주정책연구센터	국가^우주^정책^연구^센터		(國家宇宙政策硏究<영>center)	한^한^한^한^영		『천문』		【2021년 7월 신어】
2022-0053	2022	국가유산기본법	국가^유산^기본법		(國家遺産基本法)	한^한^한		『법률』		【2022년 3월 신어】
2022-0054	2022	국가자원안보특별법	국가^자원^안보^특별법		(國家資源安保特別法)	한^한^한^한		『법률』		【2022년 2월 신어】
2022-0055	2022	국가전략기술육성특별법	국가^전략^기술^육성^특별법		(國家戰略技術育成特別法)	한^한^한^한^한		『법률』		【2022년 1월 신어】
2022-0056	2022	국가전략기술제품	국가^전략^기술^제품		(國家戰略技術製品)	한^한^한^한		『산업 일반』		【2021년 11월 신어】
2022-0057	2022	국가전임상시험지원센터	국가^전임상^시험^지원^센터		(國家前臨牀試驗支援<영>center)	한^한^한^한^영		『약학』		【2021년 8월 신어】
2022-0058	2022	국가지도차량	국가^지도^차량		(國家指導車輛)	한^한^한		『교통』		【2022년 3월 신어】
2022-0059	2022	국가지도통신차량	국가^지도^통신^차량		(國家指導通信車輛)	한^한^한^한		『교통』		【2022년 3월 신어】
2022-0060	2022	국가첨단전략기술	국가^첨단^전략^기술		(國家尖端戰略技術)	한^한^한^한		『산업 일반』		【2021년 9월 신어】
2022-0061	2022	국가첨단전략산업	국가^첨단^전략^산업		(國家尖端戰略産業)	한^한^한^한		『산업 일반』		【2021년 12월 신어】
2022-0062	2022	국가첨단전략산업경쟁력강화및보호에관한특별조치법안	국가^첨단^전략^산업^경쟁력^강화^및^보호에^관한^특별^조치법		(國家尖端戰略産業競爭力强化및保護에關한特別措置法)	한^한^한^한^한^한^고^(한+고)^(한+고)^한^한		『법률』		【2021년 12월 신어】
2022-0063	2022	국가첨단전략산업법	국가^첨단^전략^산업법		(國家尖端戰略産業法)	한^한^한^한		『법률』		【2021년 12월 신어】
2022-0064	2022	국가첨단전략산업특별법	국가^첨단^전략^산업^특별법		(國家尖端戰略産業特別法)	한^한^한^한^한		『법률』		【2021년 12월 신어】
2022-0065	2022	국립뮤지컬진흥원	국립^뮤지컬^진흥원		(國立<영>musical振興院)	한^영^한		『예체능 일반』		【2022년 3월 신어】
2022-0066	2022	국립지질유산센터	국립^지질^유산^센터		(國立地質遺産<영>center)	한^한^한^영		『지구』		【2021년 12월 신어】
2022-0067	2022	국민안심지원제도	국민^안심^지원^제도		(國民安心支援制度)	한^한^한^한		『복지』		【2021년 12월 신어】
2022-0068	2022	국민우수제안협의체	국민^우수^제안^협의체		(國民優秀提案協議體)	한^한^한^한		『사회 일반』		【2022년 6월 신어】
2022-0069	2022	국제메탄서약	국제^메탄^서약		(國際<영>methane誓約)	한^영^한		『환경』		【2021년 9월 신어】
2022-0070	2022	국특완박	국특완박		(國特完剝)	한+한+한+한	「명」			【2022년 4월 신어】
2022-0071	2022	국현미	국현미		(國現美)	한+한+한	「명」			【2021년 9월 신어】
2022-0072	2022	굿힘당	굿힘당		(굿힘黨)	고+(고+한)	「명」			【2022년 1월 신어】
2022-0073	2022	궁케팅	궁케팅		(宮<영>←ticketing)	한+영	「명」			【2022년 6월 신어】
2022-0074	2022	규제심판제	규제^심판제		(規制審判制)	한^한		『법률』		【2022년 6월 신어】
2022-0075	2022	그레이그린	그레이 그린		(<영>grey green)	영_영	「구」			【2021년 9월 신어】
2022-0076	2022	그린플레이션	그린플레이션		(<영>greenflation)	영	「명」	『경제』		【2021년 8월 신어】
2022-0077	2022	글로벌메탄서약	글로벌^메탄^서약		(<영>global methane誓約)	영^영^한		『환경』		【2021년 9월 신어】
2022-0078	2022	기회발전특구특별법	기회^발전^특구^특별법		(機會發展特區特別法)	한^한^한^한		『법률』		【2022년 4월 신어】
2022-0079	2022	기후영향사업	기후^영향^사업		(氣候影響事業)	한^한^한		『환경』		【2022년 5월 신어】
2022-0080	2022	기후인지예산제	기후^인지^예산제		(氣候認知豫算制)	한^한^한		『환경』		【2021년 8월 신어】
2022-0081	2022	깊꾸	깊꾸		(<영>▼←gift emoticon꾸)	영+고	「명」			【2021년 11월 신어】
2022-0082	2022	깐부쇼어링	깐부^쇼어링		(깐부<영>shoring)	고^영		『경제』		【2021년 11월 신어】
2022-0083	2022	꼼수완박	꼼수완박		(꼼수完拍)	고+한+한	「명」			【2022년 4월 신어】
2022-0084	2022	꾸자사모	꾸자사모		(꾸資사모)	고+한+고+고	「명」			【2021년 12월 신어】
2022-0085	2022	나이토그래피	나이토그래피		(<영>▼←night photography)	영+영	「명」			【2022년 2월 신어】
2022-0086	2022	남산프레스티지벨트	남산 프레스티지 벨트		(南山<영>prestige belt)	한_영_영	「구」			【2021년 6월 신어】
2022-0087	2022	내검남네	내검남네		(내檢남<영>←negative)	고+한+고+영	「명」			【2021년 7월 신어】
2022-0088	2022	내돈내받	내돈내받			고+고+고+고	「명」			【2021년 9월 신어】
2022-0089	2022	내비실거리제	내비^실거리제		(<영>←navigation實거리制)	영^(한+고+한)		『경제』		【2022년 5월 신어】
2022-0090	2022	내손내산	내손내산			고+고+고+고	「명」			【2022년 4월 신어】
2022-0091	2022	내손내잡	내손내잡			고+고+고+고	「명」			【2022년 1월 신어】
2022-0092	2022	너또다	너또다		(너또<영>←diet)	고+고+영	「명」			【2021년 7월 신어】
2022-0093	2022	네버코비드	네버^코비드		(<영>never COVID)	영^영		『보건 일반』		【2022년 5월 신어】
2022-0094	2022	네버코비드족	네버^코비드족		(<영>never COVID族)	영^(영+한)		『보건 일반』		【2022년 2월 신어】
2022-0095	2022	네카라쿠배토당야	네카라쿠배토당야		(←Naver←Kakao←Line←Coupang配←Toss當야)	영+영+영+영+한+영+한+고	「명」			【2021년 7월 신어】
2022-0096	2022	노교수존	노 교수 존		(<영>no敎授<영>zone)	영_한_영	「구」			【2021년 12월 신어】
2022-0097	2022	노동전환지원금	노동^전환^지원금		(勞動轉換支援金)	한^한^한		『복지』		【2021년 7월 신어】
2022-0098	2022	노숙런	노숙 런		(露宿<영>run)	한_영	「구」			【2021년 8월 신어】
2022-0099	2022	녹색위장행위	녹색^위장^행위		(綠色僞裝行爲)	한^한^한		『경영』		【2021년 12월 신어】
2022-0100	2022	농어민기본소득지원금	농어민^기본^소득^지원금		(農漁民基本所得支援金)	한^한^한^한		『복지』		【2022년 1월 신어】
2022-0101	2022	농접근권	농^접근권		(聾接近權)	한^한		『법률』		【2022년 2월 신어】
2022-0102	2022	뇌로빅	뇌로빅		(腦<영>←aerobics)	한+영	「명」			【2021년 8월 신어】
2022-0103	2022	눕코노미	눕코노미		(눕<영>←economy)	고+영	「명」			【2021년 11월 신어】
2022-0104	2022	닉코노미	닉코노미		(<영>▼←nickname economy)	영+영	「명」	『경제』		【2021년 8월 신어】
2022-0105	2022	다누리호	다누리-호		(다누리號)	고+한	「명」	『천문』		【2022년 5월 신어】
2022-0106	2022	다중궤도위성	다중^궤도^위성		(多重軌道衛星)	한^한^한		『정보·통신』		【2022년 5월 신어】
2022-0107	2022	달파멸콩	달파멸콩			고+고+고+고	「명」			【2022년 1월 신어】
2022-0108	2022	닭피부모	닭^피^부모		(닭피父母)	고^고^한		『사회 일반』		【2021년 9월 신어】
2022-0109	2022	당평세대	당평^세대		(躺平世代)	한^한		『사회 일반』		【2022년 5월 신어】
2022-0110	2022	대기정체지수	대기^정체^지수		(大氣停滯指數)	한^한^한		『환경』		【2022년 5월 신어】
2022-0111	2022	대깨좌	대깨좌		(대깨左)	고+고+한	「명」			【2021년 7월 신어】
2022-0112	2022	대사직시대	대사직 시대		(大辭職時代)	한_한	「구」			【2021년 12월 신어】
2022-0113	2022	대장동게이트	대장동^게이트		(大庄洞<영>gate)	한^영		『행정』		【2021년 9월 신어】
2022-0114	2022	대장동방지법	대장동^방지법		(大庄洞防止法)	한^한		『법률』		【2021년 9월 신어】
2022-0115	2022	대퇴직시대	대퇴직 시대		(大退職時代)	한_한	「구」			【2021년 12월 신어】
2022-0116	2022	더블링확진	더블링^확진		(<영>doubling確診)	영^한		『보건 일반』		【2022년 2월 신어】
2022-0117	2022	델타크론	델타크론		(<그>deltacron)	그	「명」	『보건 일반』		【2022년 1월 신어】
2022-0118	2022	도그폰	도그 폰		(<영>dog phone)	영_영	「구」			【2021년 11월 신어】
2022-0119	2022	도제담낭	도제^담낭		(陶製膽囊)	한^한		『의학』		【2021년 12월 신어】
2022-0120	2022	도한놀이	도한 놀이		(渡韓놀이)	한_고	「구」			【2021년 8월 신어】
2022-0121	2022	동맹쇼어링	동맹^쇼어링		(同盟<영>shoring)	한^영		『경제』		【2021년 7월 신어】
2022-0122	2022	득템력	득템-력		(得<영>←item力)	(한+영)+한	「명」			【2021년 10월 신어】
2022-0123	2022	디깅소비	디깅-소비		(<영>digging消費)	영+한	「명」			【2021년 7월 신어】
2022-0124	2022	디깅족	디깅-족		(<영>digging族)	영+한	「명」			【2021년 7월 신어】
2022-0125	2022	디지털자산기본법	디지털^자산^기본법		(<영>digital資産基本法)	영^한^한		『법률』		【2022년 1월 신어】
2022-0126	2022	디지털자산통합거래소	디지털^자산^통합^거래소		(<영>digital資産統合去來所)	영^한^한^한		『경제』		【2021년 7월 신어】
2022-0127	2022	디지털헬스지표	디지털^헬스^지표		(<영>digital health指標)	영^영^한		『보건 일반』		【2021년 12월 신어】
2022-0128	2022	떠돌이쉬파리	떠돌이-쉬파리			고+고	「명」			【2022년 5월 신어】
2022-0129	2022	러스틱라이프	러스틱 라이프		(<영>rustic life)	영_영	「구」			【2021년 10월 신어】
2022-0130	2022	러시스트	러시스트		(<영>russist)	영	「명」			【2022년 3월 신어】
2022-0131	2022	런치플레이션	런치플레이션		(<영>lunchflation)	영	「명」	『경제』		【2022년 4월 신어】
2022-0132	2022	리뷰깡	리뷰-깡		(<영>review깡)	영+고	「명」			【2022년 4월 신어】
2022-0133	2022	리핑력	리핑-력		(<영>ripping力)	영+한	「명」			【2021년 9월 신어】
2022-0134	2022	릴렉스코지룩	릴렉스^코지^룩		(<영>▼relax cozy look)	영^영^영		『복식』		【2022년 4월 신어】
2022-0135	2022	맘따남	맘따남		(맘따男)	고+고+한	「명」			【2021년 8월 신어】
2022-0136	2022	맘시생	맘시생		(<영>mom試生)	영+한	「명」			【2021년 7월 신어】
2022-0137	2022	멍미노피자	멍미노피자		(멍←Domino pizza)	고+영	「명」			【2022년 3월 신어】
2022-0138	2022	멍스킨라빈스	멍스킨라빈스		(멍←Baskin Robbins)	고+영	「명」			【2022년 3월 신어】
2022-0139	2022	메타모빌리티	메타^모빌리티		(<영>meta mobility)	영^영		『교통』		【2021년 8월 신어】
2022-0140	2022	메타물리학	메타^물리학		(<영>meta物理學)	영^한		『철학』		【2022년 4월 신어】
2022-0141	2022	메타바이오아트	메타^바이오아트		(<영>meta bio art)	영^영		『예체능 일반』		【2021년 12월 신어】
2022-0142	2022	메타버시안	메타버시안		(<영>metaversian)	영	「명」			【2022년 1월 신어】
2022-0143	2022	메타보이스	메타 보이스		(<영>meta voice)	영_영	「구」			【2021년 10월 신어】
2022-0144	2022	메타사피엔스	메타 사피엔스		(<영>meta<라>sapiens)	영_라	「구」			【2021년 9월 신어】
2022-0145	2022	메타소셜네트워크	메타^소셜^네트워크		(<영>meta social network)	영^영^영		『매체』		【2022년 1월 신어】
2022-0146	2022	멸콩	멸콩			고+고	「명」			【2022년 1월 신어】
2022-0147	2022	무지출챌린지	무지출^챌린지		(無支出<영>challenge)	한^영		『경제』		【2022년 4월 신어】
2022-0148	2022	무피장타	무-피장타		(無被長打)	한+한	「명」			【2021년 7월 신어】
2022-0149	2022	뮨파	뮨-파		(뮨派)	고+한	「명」			【2022년 3월 신어】
2022-0150	2022	바이미식스	바이미식스		(<영>←bio二未<영>six)	영+한+한+영	「명」			【2021년 7월 신어】
2022-0151	2022	방심패스	방심^패스		(放心<영>pass)	한^영		『보건 일반』		【2021년 12월 신어】
2022-0152	2022	방역패스	방역^패스		(防疫<영>pass)	한^영		『보건 일반』		【2021년 10월 신어】
2022-0153	2022	배꼽착륙	배꼽^착륙		(배꼽着陸)	고^한		『교통』		【2022년 1월 신어】
2022-0154	2022	백신국가책임제	백신^국가^책임제		(<영>vaccine國家責任制)	영^한^한		『보건 일반』		【2021년 7월 신어】
2022-0155	2022	백신패스제	백신^패스제		(<영>vaccine pass制)	영^(영+한)		『보건 일반』		【2021년 9월 신어】
2022-0156	2022	백케팅	백케팅		(<영>▼←vaccine ticketing)	영+영	「명」			【2021년 6월 신어】
2022-0157	2022	법카농단	법카^농단		(法<영>←card壟斷)	(한+영)^한		『사회 일반』		【2022년 5월 신어】
2022-0158	2022	베케플레이션	베케플레이션		(<영>▼←vacation inflation)	영+영	「명」	『경제』		【2022년 5월 신어】
2022-0159	2022	벼락빚거지	벼락빚-거지			고+고	「명」			【2022년 6월 신어】
2022-0160	2022	별따꾸	별다꾸		(別다꾸)	한+고+고	「명」			【2021년 12월 신어】
2022-0161	2022	볕멍	볕-멍			고+고	「명」			【2022년 5월 신어】
2022-0162	2022	보복회식	보복 회식		(報復會食)	한_한	「구」			【2021년 7월 신어】
2022-0163	2022	분식주의자	분식주의-자		(粉食主義者)	한+한	「명」			【2021년 8월 신어】
2022-0164	2022	블세	블세		(<영>←blown save)	영+영	「명」			【2021년 8월 신어】
2022-0165	2022	비말환자	비말^환자		(飛沫患者)	한^한		『보건 일반』		【2022년 1월 신어】
2022-0166	2022	비호감선거	비호감^선거		(非好感選擧)	한^한		『정치』		【2021년 9월 신어】
2022-0167	2022	빵스킹	빵스킹		(빵<영>←busking)	고+영	「명」			【2021년 8월 신어】
2022-0168	2022	뼈말라족	뼈말라-족		(뼈말라族)	고+한	「명」			【2021년 10월 신어】
2022-0169	2022	사불	사불		(<영>←cyberbullying)	영	「명」	『사회 일반』		【2021년 11월 신어】
2022-0170	2022	삶포자	삶포-자		(삶抛者)	(고+한)+한	「명」			【2021년 10월 신어】
2022-0171	2022	삼미남	삼미남		(三未男)	한+한+한	「명」			【2021년 10월 신어】
2022-0172	2022	삼캉스	삼캉스		(蔘<프>←vacance)	한+프	「명」			【2022년 6월 신어】
2022-0173	2022	삼현에엘	삼현에엘		(三現←SK←LG)	한+한+영+영	「명」			【2021년 9월 신어】
2022-0174	2022	새똥광	새똥-광		(새똥光)	고+한	「명」			【2021년 8월 신어】
2022-0175	2022	서육남	서육남		(서六男)	고+한+한	「명」			【2022년 4월 신어】
2022-0176	2022	선학개미	선학^개미		(先學개미)	한^고		『경제』		【2021년 9월 신어】
2022-0177	2022	설거지남	설거지-남		(설거지男)	고+한	「명」			【2021년 10월 신어】
2022-0178	2022	설거지론	설거지-론		(설거지論)	고+한	「명」			【2021년 10월 신어】
2022-0179	2022	소상공인긴급금융구조안	소상공인^긴급^금융^구조안		(小商工人緊急金融救助案)	한^한^한^한		『경제』		【2022년 4월 신어】
2022-0180	2022	소상공인방역지원금	소상공인^방역^지원금		(小商工人防疫支援金)	한^한^한		『복지』		【2021년 12월 신어】
2022-0181	2022	소식좌	소식-좌		(小食座)	한+한	「명」			【2021년 10월 신어】
2022-0182	2022	소주런	소주 런		(燒酒<영>run)	한_영	「구」			【2022년 2월 신어】
2022-0183	2022	소확수	소확수		(小確收)	한+한+한	「명」			【2021년 10월 신어】
2022-0184	2022	손주턴	손주-턴		(孫주<영>turn)	(한+고)+영	「명」			【2021년 12월 신어】
2022-0185	2022	술쓰	술쓰			고+고	「명」			【2021년 8월 신어】
2022-0186	2022	슈붕	슈붕		(<프>▼chou←<영>cream붕)	(프+영)+고	「명」			【2021년 12월 신어】
2022-0187	2022	슈퍼면역자	슈퍼^면역자		(<영>super免疫者)	영^한		『의학』		【2021년 8월 신어】
2022-0188	2022	스까국	스까-국		(스까國)	고+한	「명」			【2021년 8월 신어】
2022-0189	2022	스텔스오미크론	스텔스^오미크론		(<영>stealth<그>omikron)	영^그		『보건 일반』		【2021년 12월 신어】
2022-0190	2022	스프링깅	스프링깅		(<영>▼←spring plogging)	영+영	「명」			【2022년 4월 신어】
2022-0191	2022	식테크족	식테크-족		(植<영>tech族)	(한+영)+한	「명」			【2021년 11월 신어】
2022-0192	2022	신뢰가치사슬	신뢰^가치^사슬		(信賴價値사슬)	한^한^고		『경제』		【2021년 8월 신어】
2022-0193	2022	신속방문검사	신속^방문^검사		(迅速訪問檢査)	한^한^한		『보건 일반』		【2022년 2월 신어】
2022-0194	2022	신윤핵관	신-윤핵관		(新尹核館)	한+한	「명」			【2021년 12월 신어】
2022-0195	2022	신호처리박스	신호^처리^박스		(信號處理<영>box)	한^한^영		『기계』		【2022년 6월 신어】
2022-0196	2022	실재감테크	실재감^테크		(實在感<영>tech)	한^영		『정보·통신』		【2021년 10월 신어】
2022-0197	2022	실질신용갭률	실질^신용^갭률		(實質信用<영>gap率)	한^한^(영+한)		『경제』		【2022년 3월 신어】
2022-0198	2022	쓴또쓴	쓴또쓴			고+고+고	「명」			【2022년 4월 신어】
2022-0199	2022	아동거부업소	아동 거부 업소		(兒童拒否業所)	한_한_한	「구」			【2022년 5월 신어】
2022-0200	2022	아세틸글리신	아세틸글리신		(<영>acetylglycin)	영	「명」	『보건 일반』		【2021년 12월 신어】
2022-0201	2022	아키테이너	아키테이너		(<영>architainer)	영	「명」			【2021년 11월 신어】
2022-0202	2022	악깡버	악깡버			고+고+고	「명」			【2022년 5월 신어】
2022-0203	2022	안티워크	안티 워크		(<영>anti work)	영_영	「구」			【2022년 1월 신어】
2022-0204	2022	약자감별사	약자 감별사		(略字鑑別師)	한_한	「구」			【2021년 12월 신어】
2022-0205	2022	약제배송로봇	약제^배송^로봇		(藥劑配送<영>robot)	한^한^영		『기계』		【2021년 10월 신어】
2022-0206	2022	약케팅	약케팅		(藥<영>←ticketing)	한+영	「명」			【2021년 11월 신어】
2022-0207	2022	어다행다	어다행다		(어<영>←diet행<영>←diet)	고+영+고+영	「명」			【2021년 11월 신어】
2022-0208	2022	어쩔티비	어쩔-티비		(어쩔<영>←TV)	고+영	「명」			【2021년 11월 신어】
2022-0209	2022	언수처	언수처		(言搜處)	한+한+한	「명」			【2022년 1월 신어】
2022-0210	2022	언시처	언시처		(言視處)	한+한+한	「명」			【2021년 12월 신어】
2022-0211	2022	언자완박	언자완박		(言自完剝)	한+한+한+한	「명」			【2021년 5월 신어】
2022-0212	2022	언취완박	언취완박		(言取完剝)	한+한+한+한	「명」			【2022년 5월 신어】
2022-0213	2022	업토버	업토버		(<영>uptober)	영	「명」			【2021년 10월 신어】
2022-0214	2022	에듀핀	에듀핀		(<영>▼←education fintech)	영+영	「명」			【2021년 9월 신어】
2022-0215	2022	에스비엔	에스비엔		(<영>SBN)	영	「명」			【2022년 5월 신어】
2022-0216	2022	영끌거지	영끌-거지		(靈끌거지)	(한+고)+고	「명」			【2022년 6월 신어】
2022-0217	2022	영문음성확인서	영문^음성^확인서		(英文陰性確認書)	한^한^한		『보건 일반』		【2021년 1월 신어】
2022-0218	2022	영털족	영털-족		(靈털族)	(한+고)+한	「명」			【2022년 6월 신어】
2022-0219	2022	예측범죄지도	예측^범죄^지도		(豫測犯罪地圖)	한^한^한		『정보·통신』		【2022년 1월 신어】
2022-0220	2022	예테크	예-테크		(預<영>tech)	한+영	「명」			【2021년 11월 신어】
2022-0221	2022	오다망	오다망		(오<영>←diet亡)	고+영+한	「명」			【2022년 5월 신어】
2022-0222	2022	오미크론부스터샷	오미크론^부스터^샷		(<영>omicron booster shot)	영^영^영		『보건 일반』		【2021년 11월 신어】
2022-0223	2022	오운완	오운완		(오運完)	고+한+한	「명」			【2022년 2월 신어】
2022-0224	2022	오커스	오커스		(<영>AUKUS)	영	「명」			【2021년 9월 신어】
2022-0225	2022	온학교교육회복학습지원	온^학교^교육^회복^학습^지원		(온學校敎育回復學習支援)	고^한^한^한^한^한		『교육』		【2021년 9월 신어】
2022-0226	2022	와이노믹스	와이노믹스		(<영>▼Y←economics)	영+영	「명」			【2022년 3월 신어】
2022-0227	2022	완졸	완졸		(完卒)	한+한	「명」			【2021년 8월 신어】
2022-0228	2022	왝플레이션	왝플레이션		(<영>whackflation)	영	「명」	『경제』		【2021년 11월 신어】
2022-0229	2022	용와대	용와대		(龍瓦臺)	한+한	「명」			【2022년 3월 신어】
2022-0230	2022	웃수저	웃-수저			고+고	「명」			【2021년 12월 신어】
2022-0231	2022	웃안웃	웃안웃			고+고+고	「명」			【2021년 12월 신어】
2022-0232	2022	위꾸	위꾸		(胃꾸)	한+고	「명」			【2021년 12월 신어】
2022-0233	2022	유교패치	유교 패치		(儒敎<영>patch)	한_영	「구」			【2021년 7월 신어】
2022-0234	2022	음튜버	음튜버		(音<영>←youtuber)	한+영	「명」			【2022년 1월 신어】
2022-0235	2022	이플레이션	이플레이션		(<영>▼E←inflation)	영+영	「명」	『경제』		【2022년 2월 신어】
2022-0236	2022	인체인터넷	인체^인터넷		(人體<영>internet)	한^영		『정보·통신』		【2022년 5월 신어】
2022-0237	2022	일자리도약장려금	일자리^도약^장려금		(일자리跳躍奬勵金)	고^한^한		『사회 일반』		【2021년 8월 신어】
2022-0238	2022	자금이동추적시스템	자금^이동^추적^시스템		(資金移動追跡<영>system)	한^한^한^영		『경제』		【2021년 11월 신어】
2022-0239	2022	자기공명탄성검사	자기^공명^탄성^검사		(磁氣共鳴彈性檢査)	한^한^한		『의학』		【2021년 12월 신어】
2022-0240	2022	자이낸스	자이낸스		(<영>▼Z←finance)	영+영	「명」			【2021년 7월 신어】
2022-0241	2022	장포족	장포-족		(場抛族)	한+한	「명」			【2022년 6월 신어】
2022-0242	2022	재택수강생	재택 수강생		(在宅受講生)	한_한	「구」			【2021년 10월 신어】
2022-0243	2022	재택응시생	재택 응시생		(在宅應試生)	한_한	「구」			【2022년 3월 신어】
2022-0244	2022	재택치료키트	재택^치료^키트		(在宅治療<영>kit)	한^한^영		『보건 일반』		【2021년 9월 신어】
2022-0245	2022	재택키트	재택^키트		(在宅<영>kit)	한^영		『보건 일반』		【2021년 10월 신어】
2022-0246	2022	저짤래미	저짤래미			고	「명」			【2022년 3월 신어】
2022-0247	2022	저쩔티비	저쩔-티비		(저쩔<영>←TV)	고+영	「명」			【2021년 10월 신어】
2022-0248	2022	전력시장긴급정산상한가격	전력^시장^긴급^정산^상한^가격^제도		(電力市場緊急精算上限價格制度)	한^한^한^한^한^한^한		『경제』		【2022년 5월 신어】
2022-0249	2022	제로코로나	제로^코로나		(<영>zero←corona virus)	영^영		『보건 일반』		【2022년 5월 신어】
2022-0250	2022	종합부동산벌금	종합 부동산 벌금		(綜合不動産罰金)	한_한_한	「구」			【2021년 11월 신어】
2022-0251	2022	주간수술유닛	주간^수술^유닛		(晝間手術<영>unit)	한^한^영		『의학』		【2021년 11월 신어】
2022-0252	2022	지뢰설치반	지뢰 설치반		(地雷設置班)	한_한	「구」			【2021년 10월 신어】
2022-0253	2022	지민완박	지민완박		(地民完박)	한+한+한+고	「명」			【2022년 4월 신어】
2022-0254	2022	지방소멸대응기금	지방^소멸^대응^기금		(地方消滅對應基金)	한^한^한^한		『행정』		【2021년 7월 신어】
2022-0255	2022	지사찬스	지사 찬스		(知事<영>chance)	한_영	「구」			【2021년 8월 신어】
2022-0256	2022	지역산업위기대응법	지역^산업^위기^대응법		(地域産業危機對應法)	한^한^한^한		『법률』		【2021년 7월 신어】
2022-0257	2022	지역소멸대응기금	지역^소멸^대응^기금		(地域消滅對應基金)	한^한^한^한		『행정』		【2021년 7월 신어】
2022-0258	2022	지팔지꼰	지팔지꼰		(지八지꼰)	고+한+고+고	「명」			【2021년 12월 신어】
2022-0259	2022	직관팸	직관-팸		(直觀<영>fam)	한+영	「명」			【2021년 10월 신어】
2022-0260	2022	집놀이족	집놀이-족		(집놀이族)	고+한	「명」			【2021년 9월 신어】
2022-0261	2022	짜세권	짜세-권		(<중>←zhajiangmian[炸醬麵]勢圈)	(중+한)+한	「명」			【2021년 7월 신어】
2022-0262	2022	짜짜박박	짜짜빡빡			고+고+고+고	「부」			【2021년 9월 신어】
2022-0263	2022	짠내사업가	짠^내^사업가		(짠내事業家)	고^고^한		『경제』		【2022년 6월 신어】
2022-0264	2022	짬처리론	짬 처리론		(짬處理論)	고_한	「구」			【2021년 10월 신어】
2022-0265	2022	첫만남지원금	첫^만남^지원금		(첫만남支援金)	고^고^한		『복지』		【2021년 12월 신어】
2022-0266	2022	청년내일저축계좌	청년^내일^저축^계좌		(靑年來日貯蓄計座)	한^한^한^한		『복지』		【2021년 6월 신어】
2022-0267	2022	청년도약계좌	청년^도약^계좌		(靑年跳躍計座)	한^한^한		『복지』		【2021년 10월 신어】
2022-0268	2022	청와대해체론	청와대^해체론		(靑瓦臺解體論)	한^한		『정치』		【2022년 1월 신어】
2022-0269	2022	카카오방지법	카카오^방지법		(Kakao防止法)	영^한		『법률』		【2021년 9월 신어】
2022-0270	2022	카풀팸	카풀-팸		(<영>▼car pool fam)	영+영	「명」			【2022년 6월 신어】
2022-0271	2022	카플레이션	카플레이션		(<영>carflation)	영	「명」	『경제』		【2021년 12월 신어】
2022-0272	2022	캘박	캘박		(<영>calendar剝)	영+한	「명」			【2021년 12월 신어】
2022-0273	2022	커팅족	커팅-족		(<영>cutting族)	영+한	「명」			【2022년 6월 신어】
2022-0274	2022	코끝여	코끝여		(<영>←corona virus끝旅)	영+고+한	「명」			【2021년 9월 신어】
2022-0275	2022	코내기	코내기		(<영>←corona virus내기)	영+고	「명」			【2022년 4월 신어】
2022-0276	2022	코로나극복국민참여방역운동본부	코로나^극복^국민^참여^방역^운동^본부		(<영>←corona virus克服國民參與防疫運動本部)	영^한^한^한^한^한^한		『보건 일반』		【2021년 9월 신어】
2022-0277	2022	코림픽	코림픽		(<영>▼←corona virus Olympics)	영+영	「명」			【2021년 7월 신어】
2022-0278	2022	코비드플레이션	코비드플레이션		(<영>covidflation)	영	「명」	『경제』		【2022년 6월 신어】
2022-0279	2022	쿠팡세대	쿠팡^세대		(Coupang世代)	영^한		『사회 일반』		【2021년 12월 신어】
2022-0280	2022	킹노잼	킹-노잼		(<영>king no잼)	영+(영+고)	「명」			【2022년 1월 신어】
2022-0281	2022	킹받다	킹-받다		(<영>king받다)	영+고	「동」			【2021년 12월 신어】
2022-0282	2022	탄소중립시민회의	탄소^중립^시민^회의		(炭素中立市民會議)	한^한^한^한		『환경』		【2021년 7월 신어】
2022-0283	2022	탄소중립직불제	탄소^중립^직불제		(炭素中立直拂制)	한^한^한		『경제』		【2021년 9월 신어】
2022-0284	2022	탕핑족	탕핑-족		(<중>tangping[躺平]族)	중+한	「명」	『사회 일반』		【2021년 6월 신어】
2022-0285	2022	파산핑	파산핑		(破産←Teenieping)	한+영	「명」			【2022년 4월 신어】
2022-0286	2022	파이브지위성다중연결망	파이브^지^위성^다중^연결망		(<영>five G衛星多重連結網)	영^영^한^한^한		『정보·통신』		【2022년 1월 신어】
2022-0287	2022	팥붕	팥붕			고+고	「명」			【2021년 12월 신어】
2022-0288	2022	퍼피시네마	퍼피 시네마		(<영>▼puppy cinema)	영_영	「구」			【2022년 4월 신어】
2022-0289	2022	펫플로깅	펫-플로깅		(<영>▼pet plogging)	영+영	「명」			【2021년 9월 신어】
2022-0290	2022	포켓못런	포켓몬 런		(Pokémon<영>run)	일_영	「구」			【2022년 3월 신어】
2022-0291	2022	폴리서치	폴리서치		(<영>▼←politics research)	영+영	「명」			【2022년 2월 신어】
2022-0292	2022	퐁퐁남	퐁퐁-남		(퐁퐁男)	고+한	「명」			【2021년 10월 신어】
2022-0293	2022	퐁퐁단	퐁퐁-단		(퐁퐁團)	고+한	「명」			【2021년 10월 신어】
2022-0294	2022	퐁퐁시티	퐁퐁 시티		(퐁퐁<영>city)	고_영	「구」			【2021년 10월 신어】
2022-0295	2022	표미새	표미새		(票미새)	한+고	「명」			【2022년 3월 신어】
2022-0296	2022	푸틴플레이션	푸틴플레이션		(<영>putinflation)	영	「명」	『경제』		【2022년 4월 신어】
2022-0297	2022	프렌드쇼어링	프렌드^쇼어링		(<영>friend shoring)	영^영		『경제』		【2022년 1월 신어】
2022-0298	2022	프로토니즘	프로토니즘 이론		(<영>protonism理論)	영_한	「구」			【2021년 8월 신어】
2022-0299	2022	프로틴플레이션	프로틴플레이션		(<영>▼protein←inflation)	영+영	「명」	『경제』		【2021년 8월 신어】
2022-0300	2022	플랫폼분쟁조정위	플랫폼^분쟁^조정위		(<영>platform分爭調停委)	영^한^한		『행정』		【2021년 7월 신어】
2022-0301	2022	피해회복국가책임제	피해^회복^국가^책임제		(被害回復國家責任制)	한^한^한		『복지』		【2022년 3월 신어】
2022-0302	2022	해산물주의자	해산물주의-자		(海産物주의자)	한+고	「명」			【2021년 11월 신어】
2022-0303	2022	해오름권광역자족거점	해^오름권^광역^자족^거점		(해오름圈廣域自足據點)	고^(고+한)^한^한^한		『건설』		【2022년 1월 신어】
2022-0304	2022	해치펫트롤	해치 펫트롤		(해치<영>pet←patrol)	고_영_영	「구」			【2022년 4월 신어】
2022-0305	2022	헬시플레저	헬시플레저		(<영>▼healthy pleasure)	영+영	「명」			【2021년 10월 신어】
2022-0306	2022	호드백	호드백		(好<영>←feedback)	한+영	「명」			【2022년 4월 신어】
2022-0307	2022	호모미그라티오	호모 미그라티오		(<라>homo migratio)	라_라	「구」			【2021년 7월 신어】
2022-0308	2022	혼놀로그	혼놀로그		(혼놀<영>←vlog)	한+영	「명」			【2022년 6월 신어】
2022-0309	2022	홀리몰리과카몰리	홀리몰리 과카몰리		(<영>▼holymoly guacamole	영_영	「구」			【2022년 1월 신어】
2022-0310	2022	회슬라	회슬라		(膾←Tesla)	한+영	「명」			【2022년 4월 신어】
2023-0001	2023	가상근무표	가상 근무표		(假想勤務表)	한_한	「구」			【2023년 3월 신어】
2023-0002	2023	감사완박	감사완박		(監査完剝)	한+한+한+한	「명」			【2022년 9월 신어】
2023-0003	2023	감사완박법	감사완박-법		(監査完剝法)	한+한	「명」	『법률』		【2022년 9월 신어】
2023-0004	2023	감형스펙	감형 스펙		(減刑<영>spec)	한_영	「구」			【2023년 2월 신어】
2023-0005	2023	갓산직	갓산직		(<영>god産職)	영+한	「명」			【2023년 2월 신어】
2023-0006	2023	갓생족	갓생-족		(<영>god生族)	(영+한)+한	「명」			【2023년 2월 신어】
2023-0007	2023	강제매수법	강제^매수법		(強制買收法)	한^한		『법률』		【2023년 1월 신어】
2023-0008	2023	개발워싱	개발^워싱		(開發<영>washing)	한^영		『정치』		【2023년 6월 신어】
2023-0009	2023	개인채무자보호법	개인^채무자^보호법		(個人債務者保護法)	한^한^한		『법률』		【2022년 10월 신어】
2023-0010	2023	거르주아	거르주아		(거<프>←bourgeois)	고+프	「명」			【2023년 5월 신어】
2023-0011	2023	건강보정기대수명	건강^보정^기대^수명		(健康補正期待壽命)	한^한^한^한		『사회 일반』		【2023년 4월 신어】
2023-0012	2023	건폭몰이	건폭 몰이		(建暴몰이)	한_고	「구」			【2023년 2월 신어】
2023-0013	2023	건폭수사	건폭 수사		(建暴搜査)	한_한	「구」			【2023년 2월 신어】
2023-0014	2023	검수원복	검수원복		(檢授原復)	한+한+한+한	「명」			【2022년 8월 신어】
2023-0015	2023	검수원복법	검수원복-법		(檢搜原復法)	한+한	「명」	『법률』		【2022년 8월 신어】
2023-0016	2023	검주국가	검주^국가		(檢主國家)	한^한		『정치』		【2023년 2월 신어】
2023-0017	2023	겟생	겟-생		(<영>get生)	영+한	「명」			【2022년 10월 신어】
2023-0018	2023	경제완박	경제완박		(經濟完박)	한+한+한+고	「명」			【2022년 12월 신어】
2023-0019	2023	계묘국치	계묘-국치		(癸卯國恥)	한+한	「명」			【2023년 3월 신어】
2023-0020	2023	계묘군란	계묘-군란		(癸卯軍亂)	한+한	「명」			【2023년 3월 신어】
2023-0021	2023	계묘늑약	계묘-늑약		(癸卯勒約)	한+한	「명」			【2023년 3월 신어】
2023-0022	2023	계약정원제	계약^정원제		(契約定員制)	한^한		『교육』		【2022년 7월 신어】
2023-0023	2023	고등평생교육특별회계	고등^평생^교육^특별^회계		(高等平生敎育特別會計)	한^한^한^한^한		『행정』		【2022년 7월 신어】
2023-0024	2023	고특법	고특-법		(高特法)	한+한	「명」	『법률』		【2022년 11월 신어】
2023-0025	2023	고특회계	고특^회계		(高特會計)	한^한		『행정』		【2022년 7월 신어】
2023-0026	2023	곱게팅	곱게팅		(곱<영>getting)	고+영	「명」			【2022년 10월 신어】
2023-0027	2023	공공반납기	공공 반납기		(公共返納器)	한_한	「구」			【2022년 12월 신어】
2023-0028	2023	공공반납처	공공 반납처		(公共返納處)	한_한	「구」			【2022년 11월 신어】
2023-0029	2023	관광워싱	관광^워싱		(觀光<영>washing)	한^영		『정치』		【2023년 6월 신어】
2023-0030	2023	괌옥	괌-옥		(Guam獄)	영+한	「명」			【2023년 5월 신어】
2023-0031	2023	교육자유특구법	교육^자유^특구법		(敎育自由特區法)	한^한^한		『법률』		【2023년 1월 신어】
2023-0032	2023	국가인재양성기본법	국가^인재^양성^기본법		(國家人材養成基本法)	한^한^한^한		『법률』		【2023년 1월 신어】
2023-0033	2023	국폭01	국폭01		(國暴)	한+한	「명」	『정치』		【2023년 2월 신어】
2023-0034	2023	국폭02	국폭02		(國暴)	한+한	「명」			【2023년 2월 신어】
2023-0035	2023	군졸교과서	군졸^교과서		(軍卒敎科書)	한^한		『교육』		【2023년 3월 신어】
2023-0036	2023	군중유체화	군중^유체화		(群衆流滯化)	한^한		『사회 일반』		【2022년 12월 신어】
2023-0037	2023	군집자살	군집^자살		(群集自殺)	한^한		『사회 일반』		【2023년 2월 신어】
2023-0038	2023	그리드플레이션	그리드플레이션		(<영>greedflation)	영	「명」	『경제』		【2022년 6월 신어】
2023-0039	2023	근로자밥값지원법	근로자^밥값^지원법		(勤勞者밥값支援法)	한^고^한		『법률』		【2022년 7월 신어】
2023-0040	2023	근테크족	근테크-족		(筋<영>tech族)	(한+영)+한	「명」			【2023년 1월 신어】
2023-0041	2023	글로벌스톡테이크	글로벌^스톡테이크		(<영>global stocktake)	영^영		『환경』		【2023년 4월 신어】
2023-0042	2023	금리폭리방지법	금리^폭리^방지법		(金利暴利防止法)	한^한^한		『법률』		【2022년 7월 신어】
2023-0043	2023	금안계정	금안^계정		(金安計定)	한^한		『경제』		【2022년 7월 신어】
2023-0044	2023	금융교육진흥법	금융^교육^진흥법		(金融敎育振興法)	한^한^한		『법률』		【2023년 3월 신어】
2023-0045	2023	금융안정계정	금융^안정^계정		(金融安定計定)	한^한^한		『경제』		【2022년 7월 신어】
2023-0046	2023	기절근무표	기절 근무표		(氣絕勤務表)	한_한	「구」			【2023년 3월 신어】
2023-0047	2023	기초연금확대법	기초^연금^확대법		(基礎年金擴大法)	한^한^한		『법률』		【2022년 8월 신어】
2023-0048	2023	기프테크	기프테크		(<영>▼←gifticon tech)	영+영	「명」			【2022년 7월 신어】
2023-0049	2023	기회발전특구법	기회^발전^특구법		(機會發展特區法)	한^한^한		『법률』		【2023년 3월 신어】
2023-0050	2023	기후기술허브	기후^기술^허브		(氣候技術<영>hub)	한^한^영		『환경』		【2023년 4월 신어】
2023-0051	2023	기후배상	기후^배상		(氣候賠償)	한^한		『환경』		【2022년 9월 신어】
2023-0052	2023	기후보상금	기후^보상금		(氣候補償金)	한^한		『환경』		【2022년 7월 신어】
2023-0053	2023	기후플레이션	기후플레이션		(氣候<영>←inflation)	한+영	「명」	『경제』		【2023년 5월 신어】
2023-0054	2023	기후행동지수	기후^행동^지수		(氣候行動指數)	한^한^한		『환경』		【2023년 2월 신어】
2023-0055	2023	긴급벌채제도	긴급^벌채^제도		(緊急伐採制度)	한^한^한		『행정』		【2023년 4월 신어】
2023-0056	2023	길티팁	길티 팁		(<영>▼guilty tip)	영_영	「구」			【2023년 6월 신어】
2023-0057	2023	깊털	깊털		(<영>▼←gifticon털)	영+고	「명」			【2023년 5월 신어】
2023-0058	2023	깡통전세공공매입특별법	깡통^전세^공공^매입^특별법		(깡筒傳貰公共買入特別法)	(고+한)^한^한^한^한		『법률』		【2023년 3월 신어】
2023-0059	2023	꼬이직	꼬이직		(꼬移職)	고+한	「명」			【2022년 9월 신어】
2023-0060	2023	꾸웨액	꾸웨액			고	「동」			【2023년 3월 신어】
2023-0061	2023	나토베나토르폴리돈투스	나토베나토르^폴리돈투스		(<라>natovenator polydontus)	라^라		『동물』		【2022년 12월 신어】
2023-0062	2023	내비남공	내비남공		(내非남公)	고+한+고+한	「명」			【2023년 2월 신어】
2023-0063	2023	내집마련리츠주택	내^집^마련^리츠^주택		(내집마련<영>REITs住宅)	고^고^고^영^한		『복지』		【2022년 8월 신어】
2023-0064	2023	노면컬러안내선	노면 컬러 안내선		(路面<영>color案內線)	한_영_한	「구」			【2022년 10월 신어】
2023-0065	2023	노조방탄법	노조^방탄법		(勞組防彈法)	한^한		『법률』		【2022년 9월 신어】
2023-0066	2023	노주취자존	노 주취자 존		(<영>no酒醉者<영>zone)	영_한_영	「구」			【2022년 12월 신어】
2023-0067	2023	녹색항로	녹색^항로		(綠色航路)	한^한		『교통』		【2022년 10월 신어】
2023-0068	2023	녹색해운항로	녹색^해운^항로		(綠色海運航路)	한^한^한		『교통』		【2022년 7월 신어】
2023-0069	2023	농촌소멸기금	농촌^소멸^기금		(農村消滅基金)	한^한^한		『행정』		【2023년 2월 신어】
2023-0070	2023	농친자	농친자		(籠친者)	한+(고+한)	「명」			【2023년 2월 신어】
2023-0071	2023	누칼협	누칼협		(누칼脅)	고+한	「명」			【2022년 9월 신어】
2023-0072	2023	닭코야키	닭코야키		(닭<일>←takoya[蛸燒]ki)	고+일	「명」			【2022년 7월 신어】
2023-0073	2023	댕댕버스	댕댕 버스		(댕댕<영>bus)	고_영	「구」			【2023년 5월 신어】
2023-0074	2023	댕댕존	댕댕 존		(댕댕<영>zone)	고_영	「구」			【2023년 4월 신어】
2023-0075	2023	댕댕크루즈	댕댕 크루즈		(댕댕<영>cruise)	고_영	「구」			【2022년 8월 신어】
2023-0076	2023	댕수욕장	댕수욕장		(댕水浴場)	고+한	「명」			【2023년 5월 신어】
2023-0077	2023	도심복합개발지원법	도심^복합^개발^지원법		(都心複合開發支援法)	한^한^한^한		『법률』		【2022년 9월 신어】
2023-0078	2023	도심복합개발특별법	도심^복합^개발^특별법		(都心複合開發特別法)	한^한^한^한		『법률』		【2022년 7월 신어】
2023-0079	2023	돌친자	돌친자		(←Dolby친者)	영+(고+한)	「명」			【2022년 7월 신어】
2023-0080	2023	돼지게이터	돼지게이터		(돼지<영>←navigator)	고+영	「명」			【2022년 12월 신어】
2023-0081	2023	두더집	두더-집			고+고	「명」			【2023년 4월 신어】
2023-0082	2023	드링크플레이션	드링크플레이션		(<영>drinkflation)	영	「명」	『경제』		【2023년 6월 신어】
2023-0083	2023	디깅력	디깅-력		(<영>digging力)	영+한	「명」			【2023년 2월 신어】
2023-0084	2023	디시브레인	디시^브레인		(<영>dish brain)	영^영		『생명』		【2021년 12월 신어】
2023-0085	2023	디지털플랫폼재난	디지털^플랫폼^재난		(<영>digital platform災難)	영^영^한		『정보ㆍ통신』		【2022년 10월 신어】
2023-0086	2023	런플루언서	런플루언서		(<영>runfluencer)	영	「명」			【2023년 5월 신어】
2023-0087	2023	리셀러꾼	리셀러-꾼		(<영>reseller꾼)	영+고	「명」			【2022년 9월 신어】
2023-0088	2023	리퀴드소비	리퀴드 소비		(<영>liquid消費)	영_한	「구」			【2022년 12월 신어】
2023-0089	2023	마스크키핑족	마스크^키핑족		(<영>mask keeping族)	영^(영+한)		『보건 일반』		【2023년 1월 신어】
2023-0090	2023	맑눈광	맑눈광		(맑눈狂)	고+고+한	「명」			【2022년 9월 신어】
2023-0091	2023	맞폭	맞-폭		(맞暴)	고+한	「명」			【2023년 2월 신어】
2023-0092	2023	멍감님	멍감님		(멍監님)	고+(한+고)	「명」			【2022년 8월 신어】
2023-0093	2023	멍쉼터	멍-쉼터			고+고	「명」			【2022년 9월 신어】
2023-0094	2023	면플레이션	면플레이션		(麵<영>←inflation)	한+영	「명」	『경제』		【2023년 5월 신어】
2023-0095	2023	명절테크	명절 테크		(名節<영>←tech)	한_영	「구」	『경제』		【2022년 9월 신어】
2023-0096	2023	명품테크족	명품 테크족		(名品<영>tech族)	한_(영+한)	「구」			【2022년 6월 신어】
2023-0097	2023	무게샵	무게 샵		(무게<영>shop)	고_영	「구」			【2023년 2월 신어】
2023-0098	2023	무떡밥	무-떡밥		(無떡밥)	한+고	「명」			【2023년 5월 신어】
2023-0099	2023	무진동항온항습차	무진동^항온^항습^차		(無振動恒溫恒濕車)	한^한^한^한		『교통』		【2023년 6월 신어】
2023-0100	2023	문구카세	문구카세		(文具<일>←omaka[御任]se)	한+일	「명」			【2023년 1월 신어】
2023-0101	2023	문화워싱	문화^워싱		(文化<영>washing)	한^영		『정치』		【2023년 6월 신어】
2023-0102	2023	밀프렙족	밀 프렙족		(<영>▼meal prep族)	영_(영+한)	「구」			【2022년 7월 신어】
2023-0103	2023	바지임대인	바지 임대인		(바지賃貸人)	고_한	「구」			【2022년 9월 신어】
2023-0104	2023	반강성고정술	반강성^고정술		(反剛性固定術)	한^한		『의학』		【2022년 10월 신어】
2023-0105	2023	반도체산업강화법	반도체^산업^강화법		(半導體産業強化法)	한^한^한		『법률』		【2022년 8월 신어】
2023-0106	2023	반세권	반세권		(半勢圈)	한+한	「명」			【2023년 3월 신어】
2023-0107	2023	발레코어	발레코어		(<영>balletcore)	영	「명」	『복식』		【2023년 2월 신어】
2023-0108	2023	뱀서라이크	뱀서-라이크		(<영>←vampire survivors like)	영+영	「명」			【2022년 11월 신어】
2023-0109	2023	뱅보드차트	뱅보드^차트		(<영>←bank board chart)	영^영		『경제』		【2022년 10월 신어】
2023-0110	2023	뱅크데믹	뱅크데믹		(<영>bankdemic)	영	「명」	『경제』		【2023년 3월 신어】
2023-0111	2023	버거플레이션	버거플레이션		(<영>burgerflation)	영	「명」	『경제』		【2022년 7월 신어】
2023-0112	2023	법사완박	법사완박		(法司完剝)	한+한+한+한	「명」			【2023년 1월 신어】
2023-0113	2023	벤버지	벤버지		(←Bento버지)	포+고	「명」			【2022년 11월 신어】
2023-0114	2023	부모돌봄법	부모^돌봄법		(父母돌봄法)	한^(고+한)		『법률』		【2023년 3월 신어】
2023-0115	2023	부분근로자대표제	부분^근로자^대표제		(部分勤勞者代表制)	한^한^한		『행정』		【2022년 10월 신어】
2023-0116	2023	불법일임투자	불법^일임^투자		(不法一任投資)	한^한^한		『경제』		【2023년 5월 신어】
2023-0117	2023	불법파업보장법	불법^파업^보장법		(不法罷業保障法)	한^한^한		『법률』		【2022년 11월 신어】
2023-0118	2023	불법파업조장법	불법^파업^조장법		(不法罷業助長法)	한^한^한		『법률』		【2022년 9월 신어】
2023-0119	2023	블록코어룩	블록코어^룩		(<영>blokecore look)	영^영		『복식』		【2023년 1월 신어】
2023-0120	2023	빅테크족	빅테크-족		(<영>big tech族)	영+한	「명」			【2022년 5월 신어】
2023-0121	2023	빵플레이션	빵플레이션		(빵<영>←inflation)	고+영	「명」	『경제』		【2022년 7월 신어】
2023-0122	2023	사막캉스	사막캉스		(沙漠<프>←vacance)	한+프	「명」			【2022년 9월 신어】
2023-0123	2023	사이버도화살	사이버 도화살		(<영>cyber桃花煞)	영_한	「구」			【2023년 2월 신어】
2023-0124	2023	사회서비스진흥법	사회^서비스^진흥법		(社會<영>service振興法)	한^한^한		『법률』		【2023년 2월 신어】
2023-0125	2023	산업평화보장법	산업^평화^보장법		(産業平和保障法)	한^한^한		『법률』		【2022년 11월 신어】
2023-0126	2023	상대적불평등지수	상대적^불평등^지수		(相對的不平等指數)	한^한^한		『경제』		【2023년 5월 신어】
2023-0127	2023	상추테크	상추 테크		(상추<영>tech)	고_영	「구」			【2022년 7월 신어】
2023-0128	2023	새드팝	새드^팝		(<영>sad pop)	영^영		『음악』		【2023년 3월 신어】
2023-0129	2023	생성에이아이	생성^에이아이		(生成<영>AI)	한^영		『정보ㆍ통신』		【2023년 2월 신어】
2023-0130	2023	생성형에이아이	생성형^에이아이		(生成型<영>AI)	한^영		『정보ㆍ통신』		【2023년 4월 신어】
2023-0131	2023	생체직교화학	생체^직교^화학		(生體直交化學)	한^한^한		『화학』		【2022년 10월 신어】
2023-0132	2023	선가후고	선가후고		(先加後苦)	한+한+한+한	「명」			【2022년 12월 신어】
2023-0133	2023	세계구매자지수	세계^구매자^지수		(世界購買者指數)	한^한^한		『경제』		【2023년 1월 신어】
2023-0134	2023	센타고	센타고		(<영>←center高)	영+한	「명」			【2023년 2월 신어】
2023-0135	2023	센타백	센타백		(<영>←center back-up)	영+영	「명」			【2023년 2월 신어】
2023-0136	2023	셀프세일	셀프 세일		(<영>self sale)	영_영	「구」			【2022년 7월 신어】
2023-0137	2023	소뇌력	소뇌-력		(小腦力)	한+한	「명」			【2022년 12월 신어】
2023-0138	2023	소득동질혼	소득 동질혼		(所得同質婚)	한_한	「구」			【2023년 1월 신어】
2023-0139	2023	속튀	속-튀			고+고	「명」			【2022년 9월 신어】
2023-0140	2023	솔리드소비	솔리드 소비		(<영>solid消費)	영_한	「구」			【2023년 1월 신어】
2023-0141	2023	쇼트폴리오	쇼트폴리오		(<영>▼short←portfolio)	영+영	「명」			【2023년 5월 신어】
2023-0142	2023	숄칭	숄칭		(<영>Scholzing)	영	「명」			【2023년 4월 신어】
2023-0143	2023	순환경제기본계획	순환^경제^기본^계획		(循環經濟基本計劃)	한^한^한^한		『경제』		【2023년 3월 신어】
2023-0144	2023	술플레이션	술플레이션		(술<영>←inflation)	고+영	「명」	『경제』		【2023년 2월 신어】
2023-0145	2023	술피뎀	술피뎀		(술<영>zolpidem)	고+영	「명」			【2023년 4월 신어】
2023-0146	2023	쉴금	쉴-금		(쉴金)	고+한	「명」			【2023년 6월 신어】
2023-0147	2023	슈거플레이션	슈거플레이션		(<영>sugarflation)	영	「명」	『경제』		【2023년 2월 신어】
2023-0148	2023	슈즈코드	슈즈 코드		(<영>shoes code)	영_영	「구」			【2022년 8월 신어】
2023-0149	2023	스키니피케이션	스키니피케이션		(<영>skinification)	영	「명」	『복식』		【2022년 7월 신어】
2023-0150	2023	스팸지수	스팸 지수		(SPAM指數)	영_한	「구」			【2023년 1월 신어】
2023-0151	2023	시보완박	시보완박		(時報完剝)	한+한+한+한	「명」			【2022년 7월 신어】
2023-0152	2023	신속회생추진법	신속^회생^추진법		(迅速回生推進法)	한^한^한		『법률』		【2022년 9월 신어】
2023-0153	2023	신용상승격려금	신용^상승^격려금		(信用上昇激勵金)	한^한^한		『행정』		【2023년 4월 신어】
2023-0154	2023	신파포비아	신파 포비아		(新派<영>phobia)	한_영	「구」			【2022년 8월 신어】
2023-0155	2023	신파프레임	신파 프레임		(新派<영>frame)	한_영	「구」			【2022년 8월 신어】
2023-0156	2023	실감문화공간	실감^문화^공간		(實感文化空間)	한^한^한		『사회 일반』		【2022년 8월 신어】
2023-0157	2023	심야호출비	심야 호출비		(深夜呼出費)	한_한	「구」			【2022년 8월 신어】
2023-0158	2023	쌀값정상화법	쌀값^정상화법		(쌀값正常化法)	고^한		『법률』		【2022년 8월 신어】
2023-0159	2023	쌉극혐	쌉-극혐		(쌉極嫌)	고+한	「명」			【2023년 1월 신어】
2023-0160	2023	썰스포츠	썰 스포츠		(←說<영>sports)	한_영	「구」			【2022년 11월 신어】
2023-0161	2023	아기기후소송	아기^기후^소송		(아기氣候訴訟)	고^한^한		『환경』		【2022년 4월 신어】
2023-0162	2023	아빠찬스위원회	아빠 찬스 위원회		(아빠<영>chance委員會)	고_영_한	「구」			【2023년 5월 신어】
2023-0163	2023	아트테크족	아트 테크족		(<영>art tech族)	영_(영+한)	「구」			【2022년 7월 신어】
2023-0164	2023	안심거래존	안심 거래 존		(安心去來<영>zone)	한_한_영	「구」			【2023년 5월 신어】
2023-0165	2023	안심임대인인증서	안심^임대인^인증서		(安心賃貸人認證書)	한^한^한		『행정』		【2023년 5월 신어】
2023-0166	2023	안심전세앱	안심^전세^앱		(安心傳貰<영>app)	한^한^영		『정보ㆍ통신』		【2022년 9월 신어】
2023-0167	2023	안심전세포털	안심^전세^포털		(安心傳貰<영>portal)	한^한^영		『정보ㆍ통신』		【2023년 4월 신어】
2023-0168	2023	안트로포퀴나스	안트로포퀴나스		(<영>anthropoquinas)	영	「명」	『지구』		【2023년 4월 신어】
2023-0169	2023	안티스티어링	안티스티어링		(<영>antisteering)	영	「명」	『정보ㆍ통신』		【2022년 12월 신어】
2023-0170	2023	안티인스타	안티^인스타		(<영>anti←Instagram)	영^영		『사회 일반』		【2022년 7월 신어】
2023-0171	2023	알고스피크	알고스피크		(<영>algospeak)	영	「명」	『정보ㆍ통신』		【2022년 12월 신어】
2023-0172	2023	알만추	알만추		(<영>←algorism만追)	영+고+한	「명」			【2022년 12월 신어】
2023-0173	2023	알빠노	알빠노			고+고+고	「명」			【2022년 10월 신어】
2023-0174	2023	알빠임	알빠임			고+고+고	「명」			【2022년 12월 신어】
2023-0175	2023	알줍	알-줍			고+고	「명」			【2023년 2월 신어】
2023-0176	2023	암석플라스틱	암석^플라스틱		(巖石<영>plastic)	한^영		『지구』		【2023년 4월 신어】
2023-0177	2023	압축소멸	압축^소멸		(壓縮掃滅)	한^한		『경제』		【2023년 4월 신어】
2023-0178	2023	애사비	애사비		(<영>←apple cider vinegar)	영+영+영	「명」			【2023년 4월 신어】
2023-0179	2023	앱만추	앱만추		(<영>app만追)	영+고+한	「명」			【2023년 4월 신어】
2023-0180	2023	야간공화국	야간 공화국		(夜間共和國)	한_한	「구」			【2023년 3월 신어】
2023-0181	2023	약자동행지수	약자^동행^지수		(弱者同行指數)	한^한^한		『행정』		【2022년 6월 신어】
2023-0182	2023	양곡공산화법	양곡^공산화법		(糧穀共産化法)	한^한		『법률』		【2022년 10월 신어】
2023-0183	2023	양곡처리법	양곡^처리법		(糧穀處理法)	한^한		『법률』		【2022년 9월 신어】
2023-0184	2023	어통령	어통령		(어統領)	고+한	「명」			【2022년 3월 신어】
2023-0185	2023	억빠	억빠			고+고	「명」			【2022년 7월 신어】
2023-0186	2023	얼리케어족	얼리 케어족		(<영>▼early care族)	영_(영+한)	「구」			【2022년 4월 신어】
2023-0187	2023	얼죽크	얼죽크		(얼죽<영>←cropped)	고+고+영	「명」			【2022년 11월 신어】
2023-0188	2023	얼죽크족	얼죽크-족		(얼죽<영>←cropped T族)	(고+고+영)+한	「명」			【2022년 12월 신어】
2023-0189	2023	에바스증후군	에바스^증후군		(<영>EVAS症候群)	영^한		『의학』		【2022년 11월 신어】
2023-0190	2023	에소바	에소바		(<영>←espresso bar)	영+영	「명」			【2022년 9월 신어】
2023-0191	2023	에이지빌리티	에이지빌리티		(<영>age←ability)	영+영	「명」	『사회 일반』		【2023년 5월 신어】
2023-0192	2023	에피슈머	에피슈머		(<영>←efficient←consumer)	영+영	「명」	『경제』		【2023년 2월 신어】
2023-0193	2023	엔극화	엔극-화		(<영>n極化)	(영+한)+한	「명」			【2023년 5월 신어】
2023-0194	2023	엔테크족	엔테크-족		(<일>en[円]<영>tech族)	(일+영)+한	「명」			【2023년 1월 신어】
2023-0195	2023	연개특위	연개특위		(年改特委)	한+한+한+한	「명」	『정치』		【2022년 7월 신어】
2023-0196	2023	열대림생태학	열대림^생태학		(熱帶林生態學)	한^한		『생명』		【2023년 6월 신어】
2023-0197	2023	영끌푸어족	영끌 푸어족		(靈끌<영>poor族)	(한+고)_(영+한)	「구」			【2022년 10월 신어】
2023-0198	2023	예금테크족	예금 테크족		(預金<영>tech族)	한_(영+한)	「구」			【2022년 12월 신어】
2023-0199	2023	예테크족	예테크-족		(預<영>tech族)	(고+영)+한	「명」			【2022년 7월 신어】
2023-0200	2023	완냉족	완냉-족		(完冷族)	한+한	「명」			【2023년 4월 신어】
2023-0201	2023	왓어바우티즘	왓어바우티즘		(<영>what aboutism)	영	「명」			【2022년 6월 신어】
2023-0202	2023	욕로남불	욕로남불		(辱<영>←romance남不)	한+영+고+한	「명」			【2022년 9월 신어】
2023-0203	2023	용피셜	용피셜		(龍<영>←official)	한+영	「명」			【2022년 8월 신어】
2023-0204	2023	우버파킹	우버 파킹		(Uber<영>parking)	영_영	「구」			【2023년 2월 신어】
2023-0205	2023	우주항공기금	우주^항공^기금		(宇宙航空基金)	한^한^한		『경제』		【2023년 3월 신어】
2023-0206	2023	운친자	운친자		(運친者)	한+(고+한)	「명」			【2023년 1월 신어】
2023-0207	2023	워드맵	워드^맵		(<영>word map)	영^영		『언어』		【2021년 12월 신어】
2023-0208	2023	워터퐁	워터퐁		(<영>water←pingpong)	영+영	「명」			【2023년 6월 신어】
2023-0209	2023	원두대란	원두 대란		(原豆大亂)	한_한	「구」			【2022년 9월 신어】
2023-0210	2023	월급채굴	월급 채굴		(月給採掘)	한_한	「구」			【2022년 7월 신어】
2023-0211	2023	웜뱅크	웜 뱅크		(<영>warm bank)	영_영	「구」			【2022년 12월 신어】
2023-0212	2023	웜셰어	웜셰어		(<영>▼warm share)	영+영	「명」			【2023년 1월 신어】
2023-0213	2023	웨딩플레이션	웨딩플레이션		(<영>wedding←inflation)	영+영	「명」	『경제』		【2022년 7월 신어】
2023-0214	2023	유공유리분말	유공^유리^분말		(有孔琉璃粉末)	한^한^한		『재료』		【2022년 10월 신어】
2023-0215	2023	유급휴재	유급^휴재		(有給休載)	한^한		『사회 일반』		【2022년 9월 신어】
2023-0216	2023	유급휴재권	유급^휴재권		(有給休載權)	한^한		『사회 일반』		【2022년 7월 신어】
2023-0217	2023	유리세대	유리^세대		(琉璃世代)	한^한		『사회 일반』		【2022년 10월 신어】
2023-0218	2023	유튜버공화국	유튜버^공화국		(<영>YouTuber共和國)	영^한		『사회 일반』		【2022년 11월 신어】
2023-0219	2023	이마롯쿠	이마롯쿠		(←Emart←Lotte Mart←Coupang)	영+영+영	「명」			【2023년 3월 신어】
2023-0220	2023	이사완박	이사완박		(移徙完剝)	한+한+한	「명」			【2022년 7월 신어】
2023-0221	2023	이찍남	이찍남		(二찍男)	한+고+한	「명」			【2023년 6월 신어】
2023-0222	2023	이태원참사특별법	이태원^참사^특별법		(梨泰院慘事特別法)	한^한^한		『법률』		【2022년 11월 신어】
2023-0223	2023	인파방스	인파방스		(印←Pakistan←Bangladesh←Sri Lanka)	한+영+영+영	「명」			【2023년 3월 신어】
2023-0224	2023	인포라인	인포라인		(<영>▼info line)	영+영	「명」			【2022년 10월 신어】
2023-0225	2023	일로니제이션	일로니제이션		(<영>Elonization)	영	「명」			【2023년 6월 신어】
2023-0226	2023	일론화	일론-화		(Elon化)	영+한	「명」			【2023년 6월 신어】
2023-0227	2023	일저우일저	일저-우일저		(日低又日低)	한+한	「명」	『경제』		【2022년 7월 신어】
2023-0228	2023	입법독주법	입법^독주법		(立法獨走法)	한^한		『법률』		【2023년 5월 신어】
2023-0229	2023	자기공감력	자기^공감력		(自己共感力)	한^한		『심리』		【2023년 6월 신어】
2023-0230	2023	자기추앙	자기 추앙		(自己推仰)	한_한	「구」			【2022년 10월 신어】
2023-0231	2023	자기토커	자기^토커		(磁氣<영>torquer)	한^영		『전기ㆍ전자』		【2022년 6월 신어】
2023-0232	2023	자발적푸어족	자발적 푸어족		(自發的<영>poor族)	한_(영+한)	「구」			【2022년 7월 신어】
2023-0233	2023	자서망	자서-망		(自署網)	한+한	「명」	『정보ㆍ통신』		【2022년 11월 신어】
2023-0234	2023	자석발	자석-발		(磁石발)	한+고	「명」	『기계』		【2022년 12월 신어】
2023-0235	2023	자원안보법	자원^안보법		(資源安保法)	한^한		『법률』		【2022년 2월 신어】
2023-0236	2023	잘파세대	잘파^세대		(<영>Zalpha世代)	영^한		『사회 일반』		【2022년 10월 신어】
2023-0237	2023	재가요양복지사	재가^요양^복지사		(在家療養福祉士)	한^한^한		『복지』		【2023년 2월 신어】
2023-0238	2023	재능사다리	재능^사다리		(才能사다리)	한^고		『사회 일반』		【2022년 6월 신어】
2023-0239	2023	재택이몽	재택-이몽		(在宅異夢)	한+한	「명」			【2023년 1월 신어】
2023-0240	2023	재해우려주택	재해^우려^주택		(災害憂慮住宅)	한^한^한		『건설』		【2022년 8월 신어】
2023-0241	2023	재해취약주택	재해^취약^주택		(災害脆弱住宅)	한^한^한		『건설』		【2022년 8월 신어】
2023-0242	2023	잼테크	잼-테크		(잼<영>tech)	고+영	「명」	『경제』		【2023년 5월 신어】
2023-0243	2023	저니	저니		(<영>▼←Z journey)	영+영	「명」			【2023년 5월 신어】
2023-0244	2023	전세사기특별법	전세^사기^특별법		(傳貰詐欺特別法)	한^한^한		『법률』		【2022년 8월 신어】
2023-0245	2023	전세왕	전세-왕		(傳貰王)	한+한	「명」			【2022년 12월 신어】
2023-0246	2023	전자성능추적시스템	전자^성능^추적^시스템		(電子性能追跡<영>system)	한^한^한^영		『기계』		【2022년 11월 신어】
2023-0247	2023	전정수도관확장증후군	전정^수도관^확장^증후군		(前庭水道管擴張症候群)	한^한^한^한		『의학』		【2022년 5월 신어】
2023-0248	2023	절싫중떠	절싫중떠			고+고+고+고	「명」			【2023년 6월 신어】
2023-0249	2023	접시뇌	접시^뇌		(접시腦)	고^한		『생명』		【2021년 12월 신어】
2023-0250	2023	정부완박	정부완박		(政府完剝)	한+한+한+한	「명」			【2022년 6월 신어】
2023-0251	2023	정언공범	정언^공범		(政言共犯)	한^한		『사회 일반』		【2022년 9월 신어】
2023-0252	2023	제로칼로리캠퍼스	제로 칼로리 캠퍼스		(<영>▼zero calorie campus)	영_영_영	「구」			【2023년 5월 신어】
2023-0253	2023	젠더플루이드패션	젠더^플루이드^패션		(<영>gender fluid fashion)	영^영^영		『복식』		【2023년 2월 신어】
2023-0254	2023	젤로스킨	젤로 스킨		(<영>jello skin)	영_영	「구」			【2022년 7월 신어】
2023-0255	2023	조력존엄사	조력^존엄사		(助力尊嚴死)	한^한		『의학』		【2022년 5월 신어】
2023-0256	2023	조력존엄사법	조력^존엄사법		(助力尊嚴死法)	한^한		『법률』		【2022년 5월 신어】
2023-0257	2023	죄책감팁	죄책감 팁		(罪責感<영>tip)	한_영	「구」			【2023년 6월 신어】
2023-0258	2023	중꺾마	중꺾마		(重꺾마)	한+고+고	「명」			【2022년 12월 신어】
2023-0259	2023	중꺾허	중꺾허		(重꺾허)	한+고+고	「명」			【2023년 1월 신어】
2023-0260	2023	중년핫딜족	중년 핫 딜족		(中年<영>hot deal族)	한_영_(영+한)	「구」			【2023년 4월 신어】
2023-0261	2023	중처법	중처-법		(重災法)	한+한	「명」	『법률』		【2021년 7월 신어】
2023-0262	2023	쥐똥금	쥐똥-금		(쥐똥金)	고+한	「명」			【2022년 3월 신어】
2023-0263	2023	즉퇴	즉퇴		(卽退)	한+한	「명」			【2022년 1월 신어】
2023-0264	2023	지피팅	지피팅		(<영>GPTing)	영	「명」			【2023년 3월 신어】
2023-0265	2023	직락	직락		(職樂)	한+한	「명」			【2022년 10월 신어】
2023-0266	2023	직방금지법	직방^금지법		(直房禁止法)	한^한		『법률』		【2022년 10월 신어】
2023-0267	2023	직장인수능러	직장인 수능러		(職場人修能<영>←er)	한_(한+영)	「구」			【2022년 11월 신어】
2023-0268	2023	집마카세	집마카세		(집<일>←omaka[御任]se)	고+일	「명」			【2022년 9월 신어】
2023-0269	2023	징무원	징무원		(징務員)	고+한	「명」			【2022년 9월 신어】
2023-0270	2023	찍턴족	찍턴-족		(찍<영>turn族)	(고+영)+한	「명」			【2022년 7월 신어】
2023-0271	2023	찐줌마	찐줌마		(眞▽줌마)	한+고	「명」			【2022년 11월 신어】
2023-0272	2023	차멍	차-멍			고+고	「명」			【2022년 7월 신어】
2023-0273	2023	참스피	참스피		(참<영>←KOSPI)	고+영	「명」			【2023년 1월 신어】
2023-0274	2023	참치지수	참치 지수		(참치指數)	고_한	「구」			【2023년 1월 신어】
2023-0275	2023	창툭튀	창툭튀		(窓툭튀)	한+고+고	「명」			【2022년 7월 신어】
2023-0276	2023	청년도전준비금	청년^도전^준비금		(靑年挑戰準備金)	한^한^한		『복지』		【2022년 12월 신어】
2023-0277	2023	체리슈머	체리슈머		(<영>▼cherry←consumer)	영+영	「명」			【2022년 10월 신어】
2023-0278	2023	체조견	체조-견		(體操犬)	한+한	「명」			【2023년 ５월 신어】
2023-0279	2023	초부자감세	초부자 감세		(超富者減稅)	한_한	「구」			【2022년 7월 신어】
2023-0280	2023	최소주거보장법	최소^주거^보장법		(最小住居保障法)	한^한^한		『법률』		【2022년 8월 신어】
2023-0281	2023	춘등투	춘-등투		(春登鬪)	한+한	「명」			【2022년 7월 신어】
2023-0282	2023	취뽀왕	취뽀-왕		(就뽀王)	(한+고)+한	「명」			【2022년 10월 신어】
2023-0283	2023	층간소음사후인증제	층간^소음^사후^인증제		(層間騷音事後認證制)	한^한^한^한		『환경』		【2023년 3월 신어】
2023-0284	2023	치팅범	치팅-범		(<영>cheating犯)	영+한	「명」			【2023년 1월 신어】
2023-0285	2023	카타팔케	카타팔케		(<영>catafalque)	영	「명」	『종교 일반』		【2022년 9월 신어】
2023-0286	2023	커피카세	커피카세		(<영>coffee<일>←omaka[御任]se)	영+일	「명」			【2023년 1월 신어】
2023-0287	2023	커필레이션	커필레이션		(<영>▼←coffee inflation)	영+영	「명」	『경제』		【2023년 3월 신어】
2023-0288	2023	컴프테크	컴프테크		(<영>comptech)	영	「명」	『경제』		【2022년 7월 신어】
2023-0289	2023	케꾸	케꾸		(<영>←cake꾸)	영+고	「명」			【2022년 1월 신어】
2023-0290	2023	케이칩스법	케이칩스-법		(<영>▼K-chips法)	영+한	「명」	『법률』		【2022년 9월 신어】
2023-0291	2023	케이크플레이션	케이크플레이션		(<영>▼←cake inflation)	영+영	「명」	『경제』		【2022년 12월 신어】
2023-0292	2023	코사공팽	코사공팽		(<영>←corona virus死公烹)	영+한+한+한	「명」			【2023년 6월 신어】
2023-0293	2023	코인사진관	코인 사진관		(<영>coin寫眞館)	영_한	「구」			【2022년 7월 신어】
2023-0294	2023	코인지옥	코인 지옥		(<영>coin地獄)	영_한	「구」			【2022년 11월 신어】
2023-0295	2023	코티지코어룩	코티지코어^룩		(<영>cottagecore look)	영^영		『복식』		【2021년 6월 신어】
2023-0296	2023	콰이어트퀴팅	콰이어트^퀴팅		(<영>quiet quitting)	영^영		『사회 일반』		【2022년 9월 신어】
2023-0297	2023	콰이어트퀴팅족	콰이어트퀴팅-족		(<영>quiet quitting族)	영+한	「명」	『사회 일반』		【2022년 9월 신어】
2023-0298	2023	퀴어슬람	퀴어슬람		(<영>▼queer←Islam)	영+영	「명」	『사회 일반』		【2023년 5월 신어】
2023-0299	2023	퀸루블	퀸^루블		(<영>▼queen<러>ruble)	영^러		『경제』		【2022년 9월 신어】
2023-0300	2023	크룽지	크룽지		(<프>←croissant룽지)	프+고	「명」			【2022년 12월 신어】
2023-0301	2023	클릭코노미	클릭코노미		(<영>▼←click economy)	영+영	「명」	『경제』		【2022년 8월 신어】
2023-0302	2023	클수저	클수저		(<영>←climbing수저)	영+고	「명」			【2023년 3월 신어】
2023-0303	2023	키드코어	키드코어		(<영>kidcore)	영	「명」	『복식』		【2023년 3월 신어】
2023-0304	2023	키드코어룩	키드코어^룩		(<영>kidcore look)	영^영		『복식』		【2023년 3월 신어】
2023-0305	2023	킬로숍	킬로 숍		(<영>▼kilo shop)	영_영	「구」			【2023년 2월 신어】
2023-0306	2023	킹받드라쉬	킹-받드라쉬		(<영>king받드라쉬)	영+고	「동」			【2022년 7월 신어】
2023-0307	2023	킹산직	킹산직		(<영>king産職)	영+한	「명」			【2023년 2월 신어】
2023-0308	2023	킹차킹산직	킹차 킹산직		(<영>king車<영>king産職)	(영+한)_(영+한)	「구」			【2023년 2월 신어】
2023-0309	2023	타다진흥법	타다^진흥법		(타다振興法)	고^한		『법률』		【2022년 7월 신어】
2023-0310	2023	탈트넘	탈트넘		(脫←Tottenham)	한+영	「명」			【2021년 5월 신어】
2023-0311	2023	탐욕인플레이션	탐욕^인플레이션		(貪慾<영>inflation)	한^영		『경제』		【2022년 6월 신어】
2023-0312	2023	탐욕플레이션	탐욕플레이션		(貪慾<영>←inflation)	한^영	「명」	『경제』		【2022년 6월 신어】
2023-0313	2023	탑꾸	탑꾸		(<영>←top loader꾸)	영+고	「명」			【2021년 9월 신어】
2023-0314	2023	탑멍	탑-멍		(塔멍)	영+고	「명」			【2023년 1월 신어】
2023-0315	2023	택시통금	택시 통금		(<영>taxi通禁)	영_한	「구」			【2023년 2월 신어】
2023-0316	2023	통합무기작전	통합^무기^작전		(統合武器作戰)	한^한^한		『군사』		【2023년 6월 신어】
2023-0317	2023	퇴톡	퇴톡		(退←Kakao Talk)	한+영	「명」			【2023년 6월 신어】
2023-0318	2023	퇴톡금지법	퇴톡^금지법		(退←Kakao Talk禁止法)	(한+영)^한		『법률』		【2023년 5월 신어】
2023-0319	2023	퇴푸	퇴푸		(退<영>←food)	한+영	「명」			【2023년 3월 신어】
2023-0320	2023	트랜스매스큘린	트랜스매스큘린		(<영>transmasculine)	영	「명」			【2023년 5월 신어】
2023-0321	2023	트러소노믹스	트러소노믹스		(<영>Trussonomics)	영	「명」	『경제』		【2022년 8월 신어】
2023-0322	2023	트핵관	트핵관		(←Trump核關)	영+한	「명」			【2022년 2월 신어】
2023-0323	2023	티모시증후군	티모시^증후군		(Timothy症候群)	영^한		『의학』		【2022년 10월 신어】
2023-0324	2023	팁소름	팁 소름		(<영>tip소름)	영_고	「구」			【2023년 6월 신어】
2023-0325	2023	팁플레이션	팁플레이션		(<영>tipflation)	영	「명」	『경제』		【2023년 4월 신어】
2023-0326	2023	팁피로	팁 피로		(<영>tip疲勞)	영_한	「구」			【2023년 6월 신어】
2023-0327	2023	펀세이빙족	펀세이빙-족		(<영>fun saving族)	영+한	「명」			【2022년 7월 신어】
2023-0328	2023	펀커머스	펀^커머스		(<영>▼fun commerce)	영^영		『경제』		【2022년 8월 신어】
2023-0329	2023	펨케어	펨케어		(<영>▼←femine care)	영+영	「명」			【2022년 7월 신어】
2023-0330	2023	펫얼리케어족	펫얼리케어-족		(<영>▼pet early care族)	영+한	「명」			【2022년 3월 신어】
2023-0331	2023	펫위탁소	펫 위탁소		(<영>pet委託所)	영_한	「구」			【2022년 9월 신어】
2023-0332	2023	편장족	편장-족		(便場族)	한+한	「명」			【2023년 2월 신어】
2023-0333	2023	편커	편커		(便<영>←coffee)	한+영	「명」			【2022년 6월 신어】
2023-0334	2023	편텐츠	편텐츠		(便<영>←contents)	한+영	「명」			【2023년 4월 신어】
2023-0335	2023	편픽	편픽		(便<영>pick)	한+영	「명」			【2022년 5월 신어】
2023-0336	2023	평균실종	평균^실종		(平均失踪)	한^한		『사회 일반』		【2022년 10월 신어】
2023-0337	2023	평생학습휴직제	평생^학습^휴직제		(平生學習休息制)	한^한^한		『교육』		【2022년 12월 신어】
2023-0338	2023	폐교장려금	폐교^장려금		(閉校奬勵金)	한^한		『교육』		【2023년 1월 신어】
2023-0339	2023	포토프레스세대	포토^프레스^세대		(<영>▼photo press世代)	영^영^한		『사회 일반』		【2022년 7월 신어】
2023-0340	2023	폴꾸족	폴꾸-족		(←Polaroid꾸族)	(영+고)+한	「명」			【2022년 2월 신어】
2023-0341	2023	폴리시피싱	폴리시 피싱		(▼policy phishing)	영_영	「구」			【2022년 8월 신어】
2023-0342	2023	풍선갈등	풍선^갈등		(風船葛藤)	한^한		『정치』		【2023년 2월 신어】
2023-0343	2023	프리소팅	프리소팅		(<영>presorting)	영	「명」			【2023년 1월 신어】
2023-0344	2023	학폭세탁	학폭 세탁		(學暴洗濯)	한_한	「구」			【2023년 2월 신어】
2023-0345	2023	한국멸시론자	한국^멸시론자		(韓國蔑視論者)	한^한		『사회 일반』		【2023년 3월 신어】
2023-0346	2023	한일믹스어	한일믹스-어		(韓日<영>mix語)	(한+영)+한	「명」			【2022년 7월 신어】
2023-0347	2023	합법파업보장법	합법^파업^보장법		(合法罷業保障法)	한^한^한		『법률』		【2022년 11월 신어】
2023-0348	2023	합성가뭄지수	합성^가뭄^지수		(合成가뭄指數)	한^고^한		『지구』		【2022년 9월 신어】
2023-0349	2023	해글봇	해글봇		(<영>hagglebot)	영	「명」			【2023년 3월 신어】
2023-0350	2023	해양레저호텔	해양^레저^호텔		(海洋<영>leisure hotel)	한^영^영		『서비스업』		【2023년 2월 신어】
2023-0351	2023	햄스피	햄스피		(<영>▼ham←KOSPI)	영+영	「명」			【2023년 10월 신어】
2023-0352	2023	헬스닥	헬스닥		(<영>▼hell←KOSDAQ)	영+영	「명」			【2022년 2월 신어】
2023-0353	2023	헬스디깅족	헬스 디깅족		(<영>▼health digging族)	영_(영+한)	「구」			【2023년 1월 신어】
2023-0354	2023	헬스피	헬스피		(<영>▼hell←KOSPI)	영+영	「명」			【2022년 2월 신어】
2023-0355	2023	혈당다이어트	혈당 다이어트		(血糖<영>diet)	한_영	「구」			【2023년 4월 신어】
2023-0356	2023	호모아딕투스	호모 아딕투스		(<영>Homo addictus)	영_영	「구」			【2022년 7월 신어】
2023-0357	2023	혼뛰족	혼뛰-족		(혼뛰族)	고+한	「명」			【2021년 12월 신어】
2023-0358	2023	홈마카세	홈마카세		(<영>home<일>←omaka[御任]se)	영+일	「명」			【2022년 2월 신어】
2023-0359	2023	홈마카세족	홈마카세-족		(<영>home<일>←omaka[御任]se族)	(영+일)+한	「명」			【2022년 9월 신어】
2023-0360	2023	홈핏족	홈핏-족		(<영>home←fitness族)	영+한	「명」			【2022년 6월 신어】
2023-0361	2023	휴먼트루스	휴먼 트루스		(<영>human truth)	영_영	「구」			【2022년 6월 신어】
2023-0362	2023	히트플레이션	히트플레이션		(<영>▼heat←inflation)	영+영	「명」	『경제』		【2022년 7월 신어】
2023-0363	2023	힙스티지	힙스티지		(<영>▼hip←prestige)	영+영	「명」			【2022년 5월 신어】
